No.	Question	Response	Context	정답	문서명	answer_judgment	answer_match_percent	context_judgment	context_match_percent	final_judgment	final_match_percent	Result	reason
1	부모님이 임플란트 시술을 하였으며, 임플란트 시술 전에 치조골 이식 수술을 받았습니다. 수술특약으로 치조골 이식 수술에 대한 보험금을 신청하려 하는 데 치조골 이식수술에 대한 보험금 지급관련 판례를 보여 주세요.	치조골 이식 수술에 대한 보험금 지급 관련 판례에 대한 정보는 제공된 컨텍스트에서 확인할 수 없습니다. 추가적인 자료가 필요합니다.	022-대법원 2023. 5. 18. 선고 2022다238800 판결.pdf-1.md, 021-대법원 2021. 2. 4. 선고 2017다281367 판결.pdf-1.md, 019-대법원 1991. 2. 22. 선고 90다11806 판결.pdf-1.md, 020-대법원 2011. 4. 28. 선고 2009다97772 판결.pdf-1.md, 별첨2_분류표_20240401_v1.3.pdf.md, 026-무배당파워변액유니버설종신보험_약관_100401_주계약_변경.pdf-1.md, 판매약관_신한큐브종합건강상해보험(무배당_해약환급금_미지급형)_230404.pdf.md	"수술특약에서 치조골이식수술에 대한 보험금 지급여부 관련 약관 별표 ""수술분류표""에서 골이식 수술 제외(2007년)\n약관상 2007년 이후 가입한 계약은 치조골이식수술에 대한 수술특약에서의 수술급여금 지급 제외\n[수술분류표]\n근골(筋骨)의 수술\n[발정술(拔釘術) 등 내고정물 제거술은 제외함]\n[치(齒) · 치은 ·치근(齒根) ·치조골(齒槽骨)의 처치, 임플란트(Implant) 등 치과 처치 및 수술에 수반하는 것은 제외함]"	docs/대구고등법원 2005. 9. 27. 선고 2004나3957(본소),2004나3964(반소) 판결.pdf.md + 관련 약관	불일치	0	불일치	0	불일치	0	불일치	Response는 질문에 대한 답변을 제공하지 못했으며, 관련 판례나 약관 정보를 포함하지 않았습니다. Context도 기대 문서와 일치하지 않습니다.
2	자살을 하였을 경우, 보험금을 받을 수 있는 경우가 있던데 관련하여 판례가 있나요?	자살과 관련하여 보험금 지급 가능성에 대한 판례가 있습니다. 대법원 2009다97772 판결에 따르면, 상법 제659조 제1항 및 제732조의2에 따라 피보험자가 고의로 자살한 경우 보험자는 보험금을 지급할 책임이 없다고 규정하고 있습니다. 그러나 피보험자가 정신질환 등으로 자유로운 의사결정을 할 수 없는 상태에서 자살한 경우는 면책사유에 해당하지 않는다고 판단합니다. 이와 관련하여 자살자의 정신적 상태, 자살 당시의 상황 등을 종합적으로 고려하여 판단해야 한다는 기준을 제시하고 있습니다.  \n\n또한, 보험 약관에 따라 보장개시일로부터 2년이 지난 후 자살한 경우에는 보험금을 지급한다는 조건이 명시된 사례도 있습니다(예: 신한큐브종합건강상해보험 약관).	020-대법원 2011. 4. 28. 선고 2009다97772 판결.pdf-1.md, 021-대법원 2021. 2. 4. 선고 2017다281367 판결.pdf-1.md, 022-대법원 2023. 5. 18. 선고 2022다238800 판결.pdf-1.md, 판매약관_신한큐브종합건강상해보험_230404.pdf.md, 판매약관_신한큐브종합건강상해보험(무배당_해약환급금_미지급형)_230404.pdf.md, 038-약관_신한진심을품은변액유니버설종신보험(무배당)_20220401_v1.0.pdf-1.md, 004-000.주계약약관_(355간편)신한통합건강보장보험원(ONE)(무배당, 해약환급금 미지급형)_20240101_v0.2.pdf-1.md, 005-005.약관_신한라이프놀라운종신보험(무배당, 해약환급금 일부지급형)_20240401_v0.5_중복삭제_맞춤형약관제작.pdf-1.md, 032-신한THE착한연금미리받을수있는종신보험(무배당, 저해지환급형)_약관_161004.pdf-1.md	"약관상 계약일로부터 2년 이내 자살시 보험금 지급 불가하나, 피보험자가 심신상실, 심신박약 으로 인하여 자살 한 경우 보험금 지급 가능함\n판례 기준 : 업무로 인한 극도의 스트레스 등으로 자살한 경우도 보험금 부지급 예외 가능한지 판판\n\n대법원 2011.4.28. 선고 2009다97772판결[보험금] [공2011상.1018]\n대법원 2023.5.18. 선고 2022다238800판결[보험금] [공보불게제]\n대법원 2021.2.4. 선고 2017다281367판결[보험금] [공2021상.479]\n\n기사 : 매일경제 2024.06.05일자 기사 [대법 ""정신병력 없는 자살자도 상황에 따라 보험금 지급해야"" ]"	docs/대법원 2011. 4. 28. 선고 2009다97772 판결.pdf.md / docs/대법원 2023. 5. 18. 선고 2022다238800 판결.pdf.md / docs/대법원 2021. 2. 4. 선고 2017다281367 판결.pdf.md	부분일치	85	부분일치	80	부분일치	84	부분일치 84%	답변은 자살 관련 보험금 지급 가능성에 대한 판례와 조건을 언급했으나, 정답에 명시된 '심신상실, 심신박약' 조건을 명확히 언급하지 않았습니다. 또한, 기대 문서명 중 일부만 포함되어 있어 context 일치도가 낮습니다.
3	보험계약을 신청하였는데, 철회하고 싶습니다. 세부 기준을 알려 주세요	"보험계약 철회는 다음 기준에 따라 가능합니다:  \n\n1. **청약 철회 가능 기간**  \n   - 일반적으로 계약자는 보험증권을 받은 날부터 15일 이내에 청약을 철회할 수 있습니다.  \n   - 통신판매 계약(전화, 우편, 컴퓨터 등의 통신매체를 통한 계약)의 경우, 청약한 날부터 30일 이내에 철회가 가능합니다.  \n   - 만 65세 이상 계약자가 체결한 통신판매 계약의 경우, 청약 철회 가능 기간은 45일로 연장됩니다.  \n\n2. **보험료 반환**  \n   - 청약 철회 시 회사는 청약 철회를 접수한 날부터 3일 이내에 이미 납입한 보험료를 돌려드립니다.  \n   - 신용카드로 납입한 보험료는 매출 취소를 통해 반환되며, 이자는 지급되지 않습니다.  \n\n3. **청약 철회 불가 조건**  \n   - 보험금 지급 사유가 이미 발생했으나 계약자가 그 사실을 알지 못한 경우, 청약 철회의 효력이 발생하지 않습니다.  \n   - 보험기간이 90일 이내인 계약 또는 전문금융소비자가 체결한 계약은 청약 철회가 불가능합니다.  \n\n출처:  \n- ""약관_무배당연금보험프리스타일"" 제2조(청약의 철회)  \n- ""주계약약관_(355간편)신한통합건강보장보험원(ONE)"" 제17조 청약의 철회  \n- ""약관_신한진심을품은변액유니버설종신보험"" 사례2"	037-약관_무배당연금보험프리스타일_20130401_v3.0.pdf-1.md, 002-(무)종신보험표준형_20210101_약관.pdf-1.md, 004-000.주계약약관_(355간편)신한통합건강보장보험원(ONE)(무배당, 해약환급금 미지급형)_20240101_v0.2.pdf-1.md, 006-300060_고객센터 청약철회 업무처리기준.docx-1.md, 038-약관_신한진심을품은변액유니버설종신보험(무배당)_20220401_v1.0.pdf-1.md, 036-약관_무배당연금보험프리스타일_20050401.pdf-1.md	보험계약자는 보험증권을 받은 날부터 15일 이내에 보험계약의 청약을 철회할 수 있습니다. 계약자가 전화로신청하거나 철회 의사를 표시하기 위한 서명, 전자우편, 휴대전화 문자메시지 또는 이에 준하는 전자적 의사표시 등을 발송하여 청약 철회를 할 수 있으며, 계약자가 청약을 철회한 때에는 청약의 철회를 접수한 날부터 3영업일 이내에 납입한 보험료를 돌려 드립니다.\n단, 청약한 날부터 30일(만 65세 이상인 계약자가 체결한 통신판매계약의 경우에는 45일)일 초과한 경우 또는 보험기간이 90일 이내인 계약 또는 전문금융소비자가 체결한 계약을 청약 철회가 불가합니다.	docs/300060_고객센터 청약철회 업무처리기준.docx.md	일치	100	부분일치	80	일치	96	일치	응답은 정답의 핵심 내용을 모두 포함하고 있으며, 조건과 예외사항도 정확히 기술되었습니다. 그러나 실제 Context 문서 목록에 기대 문서명이 포함되어 있으나, 다른 문서들도 포함되어 있어 부분일치로 평가됩니다.
4	보험에 가입했는데 언제부터 보장을 받는 건가요?	보험의 보장 개시일은 일반적으로 계약이 성립되고 제1회 보험료를 받은 날부터 시작됩니다. 다만, 회사가 청약과 함께 제1회 보험료를 받은 경우에는 제1회 보험료를 받은 날이 보장 개시일이 됩니다. (출처: 002-(무)종신보험표준형_20210101_약관.pdf-1.md, [보장개시일])	033-약관_(무)S-MORE신한저축보험_110601.pdf-1.md, 037-약관_무배당연금보험프리스타일_20130401_v3.0.pdf-1.md, 002-(무)종신보험표준형_20210101_약관.pdf-1.md, 032-신한THE착한연금미리받을수있는종신보험(무배당, 저해지환급형)_약관_161004.pdf-1.md, 005-005.약관_신한라이프놀라운종신보험(무배당, 해약환급금 일부지급형)_20240401_v0.5_중복삭제_맞춤형약관제작.pdf-1.md, 034-약관_(무)신한유니버설종신보험_060703~071102_7614.pdf-1.md, 004-000.주계약약관_(355간편)신한통합건강보장보험원(ONE)(무배당, 해약환급금 미지급형)_20240101_v0.2.pdf-1.md	"가입한 상품의 약관 규정에 따라 일반적으로 보장개시일은 회사가 보장을 개시하는날로서 계약이 성립되고 제1회 보험료를 받은 날을 말하나, 회사가 승낙하기 전이라도 청약과 함께 제1회 보험료를 받은 경우에는 제1회 보험료를 받은 날을 말합니다. 단, 해당 규정에도 불구하고 ""암""및 일부 특정한 질병 보장에 대한 보장개시일은 계약일[부활(효력회복)의 경우 부활(효력회복)일]부터 그 날을 포함하여 90일이 지난 날의 다음날로 합니다."	docs/(무)종신보험표준형_20210101_약관.pdf.md	부분일치	75	일치	100	부분일치	80	부분일치 80%	Response는 일반적인 보장 개시일에 대해 정확히 설명했으나, 암 및 특정 질병 보장에 대한 예외 규정이 누락되었습니다. Context는 기대 문서명을 포함하고 있습니다.
5	2021년 4월 5일에 가입한 종신보험 표준형에 납입한 보험료가 몇 %로 부리되고 있나요?	제공된 문서들에서는 2021년 4월 5일에 가입한 무배당 종신보험 표준형의 부리율에 대한 정보가 명시적으로 포함되어 있지 않습니다. 추가적인 정보를 확인해야 정확한 답변이 가능합니다.	002-(무)종신보험표준형_20210101_약관.pdf-1.md, 023-무배당종신보험_사업방법서_060401.doc-1.md, 판매약관_신한큐브종합건강상해보험_230404.pdf.md, 판매약관_신한큐브종합건강상해보험(무배당_해약환급금_미지급형)_230404.pdf.md, 별첨2_분류표_20240401_v1.3.pdf.md, 011-300227_계약사항 변경 업무기준 요약표.docx-1.md	해당 상품의 장래 경과기간별 책임준비금은 매 경과시점별로 장래의 위험률을 반영한 보험금 지급예상액의 현재가치 금액으로 산출한 값을 매 경과시점에서의 금액으로 산출 적립한 금액입니다.\n기간이 경과할수록 위험률의 증가에 따라 매 경과시점별의 책임준비금이 커져 금액이 특정한 이율로 부리되는 것처럼 보일 수 있습니다. 그러나 해당 상품은 저축, 연금보험과 같이 납입한 보험료 중 일부 금액을 특정이율로 부리 적립하는 상품이 아닙니다.	docs/(무)종신보험표준형_20210101_약관.pdf.md	부분일치	50	부분일치	50	부분일치	50	부분일치 50%	Response는 질문에 대한 명확한 답변을 제공하지 못했으며, 부리율에 대한 정보가 없다고만 언급했습니다. 실제로는 해당 상품이 특정 이율로 부리되지 않는다는 점을 명확히 설명해야 했습니다. 또한, 기대 문서명과 실제 Context 문서명이 일부만 일치합니다.
6	2010년 가입한 종신보험 표준형 계약에서 사망보장을 못받는 때가 있나요?	제공된 컨텍스트에는 2010년 가입한 종신보험 표준형 계약에서 사망보장을 받을 수 없는 조건이나 상황에 대한 명확한 정보가 포함되어 있지 않습니다. 추가적인 세부 약관이나 관련 문서가 필요합니다.	002-(무)종신보험표준형_20210101_약관.pdf-1.md, 011-300227_계약사항 변경 업무기준 요약표.docx-1.md	보험계약이 소멸, 해지되는 경우, 소멸 또는 해지시점이후에는 보장을 받을 수 없습니다.\n또한 보험계약체결 시점에 보험회사가 질문한 사항에 제대로 알리지 않아 계약전 알릴 의무를 소홀히 한 경우, 피보험자, 계약자 및 보험수익자가 고의로 피보험자를 해친 경우 및 뚜렸한 사기의사에 의하여 보험계약을 한 경우에는 보험금 지급이 제한 되거나 거절될 수 있습니다.	docs/무배당종신보험표준형_약관_060401.pdf.md 또는 docs/(무)종신보험표준형_20210101_약관.pdf.md	부분일치	50	일치	100	부분일치	80	부분일치 80%	Actual Response는 사망보장을 못 받는 조건에 대해 명확히 답변하지 않고 추가 문서가 필요하다고만 언급하여 핵심 내용을 일부 놓쳤습니다. 그러나 Context는 기대 문서명과 일치합니다.
7	종신보험 표준형에 가입하여 은행에 다니는 직장인인데 보험가입할 때 보니 제가 전문보험계약자라 합니다. 일반계약자가 아니라 전문보험계약자라 하는 근거가 뭔가요?	보험업법 제2조(정의) 19호에 따르면, '전문보험계약자'는 보험계약에 관한 전문성, 자산규모 등을 고려하여 보험계약 내용을 이해하고 이행할 능력이 있는 자로 정의됩니다. 전문보험계약자는 국가, 한국은행, 대통령령으로 정하는 금융기관, 주권상장법인, 그 밖에 대통령령으로 정하는 자를 포함합니다. 따라서 귀하가 전문보험계약자로 분류된 것은 이러한 기준에 부합하기 때문일 가능성이 있습니다.	002-(무)종신보험표준형_20210101_약관.pdf-1.md, 032-신한THE착한연금미리받을수있는종신보험(무배당, 저해지환급형)_약관_161004.pdf-1.md, 027-별첨1_약관 내용 중 법 관련 인용 조문_240610.pdf-1.md, 023-무배당종신보험_사업방법서_060401.doc-1.md	1) 보험업법 제2조 중 관련 주요 규정\n제2조(정의) 이 법에서 사용하는 용어의 뜻은 다음과 같다.\n19. “전문보험계약자”란 보험계약에 관한 전문성, 자산규모 등에 비추어 보험계약의 내용을 이해하고 이행할 능력이 있는 자로서 다음 각 목의 어느 하나에 해당하는 자를 말한다. 다만, 전문보험계약자 중 대통령령으로 정하는 자가 일반보험계약자와 같은 대우를 받겠다는 의사를 보험회사에 서면으로 통지하는 경우 보험회사는 정당한 사유가 없으면 이에 동의하여야 하며, 보험회사가 동의한 경우에는 해당 보험계약자는 일반보험계약자로 본다.\n  가. 국가\n  나. 한국은행\n  다. 대통령령으로 정하는 금융기관\n  라. 주권상장법인\n  마. 그 밖에 대통령령으로 정하는 자\n20. “일반보험계약자”란 전문보험계약자가 아닌 보험계약자를 말한다.	docs/별첨1_약관 내용 중 법 관련 인용 조문_240610.pdf.md	일치	100	일치	100	일치	100	일치	Response는 보험업법 제2조 19호의 전문보험계약자 정의를 정확히 설명하였고, Context 문서도 기대 문서명과 일치합니다.
8	2021년 4월 5일에 가입한 종신보험 표준형 해약환급금이 납입한 보험료보다 적게 나왔습니다. 산출 근거가 무엇인가요?	제공된 문서 내용에는 종신보험 표준형의 해약환급금이 납입한 보험료보다 적게 산출되는 이유나 구체적인 산출 근거에 대한 정보가 포함되어 있지 않습니다. 추가적인 문서나 정보가 필요합니다.	002-(무)종신보험표준형_20210101_약관.pdf-1.md, 023-무배당종신보험_사업방법서_060401.doc-1.md, 001-(무)종신보험표준형_20210101_산출방법서.doc-1.md	해약환급금은 책임준비금에서 미상각신계약비를 공제한 금액으로 산출합니다. 미상각신계약비는 납입기간과 7년 중 작은 기간 동안 공제하며 해당 기간 이후의 해약환급금은 책임준비금과 동일합니다.\n다만, 책임준비금은 산출방법서의 정의에 따라 보험계약일 이후 매 경과시점별로 장래의 위험률은 반영한 보험금 지급예상액의 현재가치 금액으로 산출되며 이 금액은 납입한 보험료 누계액보다 적을 수 있습니다.	docs/(무)종신보험표준형_20210101_약관.pdf.md	부분일치	50	부분일치	50	부분일치	50	부분일치 50%	답변이 질문의 핵심인 해약환급금 산출 근거를 명확히 설명하지 못했으며, 관련 문서도 일부만 일치합니다.
9	어머니께서 2010년에 종신보험 표준형에 가입하셨는데, 치매 검사를 했더니 치매가 약간 있다고 합니다. CDR척도 검사시 2점을 받았습니다. 치매 진단으로 장해보험금을 받을 수 있나요? 얼마를 받나요?	"어머니께서 CDR 척도 검사에서 2점을 받으셨다면, 이는 ""약간의 치매""로 분류되며, 장해보험금 지급률은 40%입니다. 해당 내용은 문서 ""별첨2_분류표_20240401_v1.3.pdf.md""의 ""신경계․정신행동 장해 > 가. 장해의 분류"" 섹션에서 확인되었습니다."	판매약관_신한큐브종합건강상해보험_230404.pdf.md, 판매약관_신한큐브종합건강상해보험(무배당_해약환급금_미지급형)_230404.pdf.md, 별첨2_분류표_20240401_v1.3.pdf.md, 035-약관_(무)신한유니버설종신보험_080312.pdf-1.md, 026-무배당파워변액유니버설종신보험_약관_100401_주계약_변경.pdf-1.md	"치매 진단(CDR척도 2점)으로 장해 등급을 받을 수는 있습니다. 이 경우 장해 지급률은 40% 입니다\n다난, 주계약에서는 장해급여금에 대한 보장내용이 없으므로 보험기간 중 치매의 진단으로 장해급여금을 받을 수는 없습니다.\n또한 재해장해특약에서의 장해급여금 지급사유는 ""재해를 원인으로""라고 되어 있어 치매의 발생을 재해로 볼 수 없음에 따라 재해장해특약에서도 재해장해급여금의 지급은 불가합니다."	docs/무배당종신보험표준형_약관_060401.pdf.md 또는 docs/(무)종신보험표준형_20210101_약관.pdf.md	불일치	0	불일치	0	불일치	0	불일치	Response는 장해보험금 지급 가능성을 언급했으나, 실제로는 주계약 및 재해장해특약에서 치매로 인한 장해급여금 지급이 불가하다는 점을 명확히 설명하지 않았습니다. 또한, Context 문서가 기대 문서와 일치하지 않습니다.
10	신한유니버설종신보험 월대체공제 기준은 어떻게 되나요?	제공된 컨텍스트에는 신한유니버설종신보험의 월대체공제 기준에 대한 정보가 포함되어 있지 않습니다. 추가 정보를 확인해야 합니다.	026-무배당파워변액유니버설종신보험_약관_100401_주계약_변경.pdf-1.md, 029-사업방법서_(무)신한유니버설종신보험_080312.pdf-1.md	제13조【월대체보험료 공제】\n① 월납계약의 경우 보험료 납입경과기간 2년(24회 납입)까지는 해당월 기본보험료(특약이 부가된 경우 특약보험료 포함) 납입시에 월대체보험료를 공제하며 보험료 납입경과기간 2년(24회 납입) 이후에는 매월 계약해당일에 해약환급금(보험계약대출원리금을 차감한 금액 기준)에서 월대체보험료를 공제합니다. 단, 보험료 납입경과기간 2년(24회 납입) 이내에도 해당월 기본 보험료 (특약이 부가된 경우 특약보험료 포함)를 해당월 계약해당일 이전에 납입한 경우에는 월대체보험료를 해당월 계약해당일에 계약자적립금에서 공제합니다.	약관_(무)신한유니버설종신보험_080312.pdf	불일치	0	부분일치	50	불일치	10	불일치	답변이 질문에 대한 핵심 정보를 제공하지 못했으며, 컨텍스트 문서도 기대 문서명과 일부만 일치합니다.
11	신한유니버설종신보험 현재 납입하는 보험료가 부담됩니다.  보험료를 적게 낼 수 있는 방법이 있나요?	신한유니버설종신보험의 보험료를 적게 낼 수 있는 방법으로는 다음과 같은 옵션이 있습니다:  \n\n1. **보험가입금액 감액**: 계약자는 회사의 승낙을 얻어 보험가입금액을 감액할 수 있습니다. 이 경우 감액된 부분은 해지된 것으로 간주되며, 이에 따른 해약환급금이 지급될 수 있습니다. (출처: 035-약관_(무)신한유니버설종신보험_080312.pdf-1.md, 제6조 【 계약내용의 변경 】)  \n\n2. **고액계약 할인**: 월납의 경우 주보험 보험가입금액이 3,000만 원 이상일 때 제2회 이후 기본보험료에 대해 보험료 할인이 적용됩니다. 할인율은 보험가입금액에 따라 1.0%에서 최대 2.5%까지 가능합니다. (출처: 029-사업방법서_(무)신한유니버설종신보험_080312.pdf-1.md, 13. 고액계약할인에 관한 사항)  \n\n이 외의 방법이나 추가적인 할인 조건은 제공된 문서에 명시되어 있지 않습니다.	029-사업방법서_(무)신한유니버설종신보험_080312.pdf-1.md, 035-약관_(무)신한유니버설종신보험_080312.pdf-1.md	납입하는 보험료를 줄이는 방법은 약관의 규정에 따라 1. 보험가입금액을 감액 또는 기본보험료의 감액 과 2. 유니버설종신보험의 특성에 따른 자유납을 활용하는 방법이 있습니다.\n1. 보험가입금액을 감액하는 경우, 감액 시점 이후부터 감액된 가입금액에 따른 낮아진 보험료를 납입기간 동안 납입할 수 있습니다.\n2. 유니버설종신보험은 의무납입기간 이후에는 납입하는 보험료 수준을 자유롭게 정하여 납입하거나 월대체를 활용하여 보험료를 납입하지 아니할 수 있습니다. 단, 이러한 경우 계약자적립액이 감소하게 되어 계약이 해지될 수 있습니다.	약관_(무)신한유니버설종신보험_080312.pdf	부분일치	75	부분일치	90	부분일치	78	부분일치 78%	Response는 보험료를 줄이는 방법 중 '보험가입금액 감액'과 '고액계약 할인'을 언급했으나, '자유납'과 '월대체' 옵션을 포함하지 않아 정답의 핵심 내용을 일부 누락했습니다. Context는 관련 문서를 포함했으나, 기대 문서명과 정확히 일치하지 않습니다.
12	신한유니버설종신보험 가입후 월대체로 계약을 유지하는데 보장은 종신까지 받을 수 있나요?	제공된 문서 내용에서는 신한유니버설종신보험의 월대체 계약 유지 시 보장이 종신까지 가능한지에 대한 명확한 정보가 포함되어 있지 않습니다. 추가적인 근거가 필요합니다.	035-약관_(무)신한유니버설종신보험_080312.pdf-1.md, 038-약관_신한진심을품은변액유니버설종신보험(무배당)_20220401_v1.0.pdf-1.md, 034-약관_(무)신한유니버설종신보험_060703~071102_7614.pdf-1.md, 023-무배당종신보험_사업방법서_060401.doc-1.md, 판매약관_신한큐브종합건강상해보험_230404.pdf.md, 판매약관_신한큐브종합건강상해보험(무배당_해약환급금_미지급형)_230404.pdf.md	유니버설종신보험에서 보험료를 납입하지 않고 월대체를 하게 되면 회사는 계약자적립액에서 월대체공제 금액을 매월 공제합니다. 따라서 계약자적립액은 매월 감소할 수 있습니다. 이러한 경우 장래 계약자적립액이 소진되어 약관의 규정에 따라 계약이 해지될 수 있습니다.	약관_(무)신한유니버설종신보험_080312.pdf	부분일치	60	부분일치	80	부분일치	64	부분일치 64%	Response는 질문에 대한 명확한 답변을 제공하지 못했으며, 월대체 시 계약자적립액 소진 가능성과 계약 해지 가능성을 언급하지 않았습니다. Context는 관련 문서를 일부 포함하지만, 기대 문서명이 명확히 포함되지 않았습니다.
13	신한유니버설종신보험 주계약보험료를 처음에는 20만원 내다가 나중에 더 적게 낼 수 있나요?	신한유니버설종신보험의 경우, 보험료 납입경과기간 2년(24회 납입) 이후부터는 해약환급금에서 월대체보험료를 충당할 수 있을 경우 기본보험료를 납입하지 않아도 됩니다. 또한, 2년 이후부터는 보험료를 납입 한도 내에서 자유롭게 납입할 수 있습니다. (출처: 029-사업방법서_(무)신한유니버설종신보험_080312.pdf-1.md, 7. 월납계약의 보험료 납입에 관한 사항)	010-300200_법인계약 고객센터 상담 기준.docx-1.md, 034-약관_(무)신한유니버설종신보험_060703~071102_7614.pdf-1.md, 007-300138_라이프앱가능업무.docx-1.md, 026-무배당파워변액유니버설종신보험_약관_100401_주계약_변경.pdf-1.md, 029-사업방법서_(무)신한유니버설종신보험_080312.pdf-1.md	계약자는 의무납입기간 이내에는 기본보험료(20만원)을 납입하여야 하며, 의무납입기간 이후부터는 해약환급금(보험계약대출 원리금을 차감한 금액 기준)에서 월대체보험료를 충당할 수 있을 경우 기본보험료를 납입하지 않거나 자유롭게 납입할 수 있습니다.	약관_(무)신한유니버설종신보험_080312.pdf	일치	100	부분일치	80	일치	96	일치	답변이 정답의 핵심 내용을 정확히 포함하고 있으며, 문서명은 일부 유사하지만 관련성이 높아 부분일치로 평가됩니다.
14	신한유니버설종신보험에서 사망시 사망보험금은 어떻게 산출됩니까?	신한유니버설종신보험에서 사망 시 지급되는 사망보험금은 기본보험금액과 변동보험금액의 합계액으로 산출됩니다. 기본보험금액은 기본사망보험금, 이미 납입한 보험료, 계약자적립금의 110% 금액 중 가장 큰 금액으로 결정됩니다. 기본사망보험금은 보험가입금액에서 중도인출금액을 차감하고 추가납입보험료를 합산한 금액으로 산출되며, 보험가입금액을 최고한도로 합니다. 변동보험금액은 계약자적립금이 예정최저적립금을 초과하는 경우 그 차액을 기준으로 계산됩니다. (출처: 034-약관_(무)신한유니버설종신보험_060703~071102_7614.pdf-1, 제15조 【 보험금액 】)	034-약관_(무)신한유니버설종신보험_060703~071102_7614.pdf-1.md, 035-약관_(무)신한유니버설종신보험_080312.pdf-1.md, 029-사업방법서_(무)신한유니버설종신보험_080312.pdf-1.md, 018-대구고등법원 2005. 9. 27. 선고 2004나3957(본소),2004나3964(반소) 판결.pdf-1.md, 038-약관_신한진심을품은변액유니버설종신보험(무배당)_20220401_v1.0.pdf-1.md, 판매약관_신한큐브종합건강상해보험_230404.pdf.md	신한유니버설종신보험의 사망보험금은 사망한 때의 아래 2개의 각각 산출된 금액을 더하여 지급합니다.\n 사망보험금 : 기본보험금액 + 변동보험금액\n 주) 기본보험금액은 기본사망보험금과 이니 납입한 보험료(단, 특약보험료는 제외) 그리고 주계약적립금의 110% 금액 중 가장 근 금액을 말합니다.\n      변동보험금액은 계약자적립금과 예정최저적립금과의 차이에 의하여 증감되는 보험금액으로 유효한 보험계약에 대하여 매월 계약해당일마다 계산하여 다음 월단위 계약해당일까지 1개월간 확정 적용합니다.	약관_(무)신한유니버설종신보험_080312.pdf	일치	100	부분일치	80	일치	96	일치	Response는 정답의 핵심 내용을 정확히 포함하고 있으며, 조건과 세부 사항도 충실히 설명되었습니다. 그러나 Context 문서명 중 일부가 기대 문서명과 정확히 일치하지 않아 부분일치로 평가됩니다.
15	신한유니버설종신보험 해약환급금이 처음 가입시 제공한 해약환급금 예시표에 비하여 크게 떨어집니다.  이유가 무엇인가요?	제공된 문서에서는 신한유니버설종신보험의 해약환급금이 예시표와 다르게 산출되는 이유에 대한 구체적인 정보가 포함되어 있지 않습니다. 추가적인 자료가 필요합니다.	판매약관_신한큐브종합건강상해보험_230404.pdf.md, 029-사업방법서_(무)신한유니버설종신보험_080312.pdf-1.md	계약자는 계약일 이후 계약이 소멸하기 전에 언제든지 해약을 할 수 있으며, 회사는 이 때 보험료 및 책임준비금 산출방법서에 따라 계산된 해약환급금을 지급합니다. 해약환급금은 납입한 보험료 중 월 공제액을 제외한 저축보험료(=적립부분순보험료)를 이 상품의 공시이율을 적용하여 계약자적립액을 산출합니다. 이 때 공시이율이 변경될 경우에는 변경된 날부터 변경된 공시이율을 기준으로 적용합니다.\n가입당시 제공한 해약환급금 예시표는 가입당시 적용중이던 공시이율이 장래 변동이 없는 가정하에 산출한 안내표이며, 실제의 해약환급금은 약관의 규정에 따라 공시이율이 변경된 경우 변경된 공시이율을 적용하므로 실제의 해약환급금은 제공된 예시표와 다를 수 있습니다.	약관_(무)신한유니버설종신보험_080312.pdf	불일치	0	부분일치	50	불일치	10	불일치	답변이 질문에 대한 핵심적인 이유를 제공하지 못했으며, 관련 문서도 일부만 포함되어 있어 정확한 정보를 제공하지 못했습니다.
16	신한유니버설종신보험에 가입하여 유지중입니다. 감액 이후에 이미납입한 보험료는 어떻게 산출하나요?	"신한유니버설종신보험에서 감액 이후의 ""이미 납입한 보험료""는 다음과 같은 방식으로 산출됩니다:  \n\n- **감액 이후의 이미 납입한 보험료** = 감액 직전 이미 납입한 보험료 × (감액 후 계약자적립금 ÷ 감액 전 계약자적립금)  \n\n이는 감액 직전의 이미 납입한 보험료를 기준으로 계약자적립금의 변동 비율을 적용하여 계산됩니다. 해당 내용은 약관 및 사업방법서에 명시되어 있습니다."	035-약관_(무)신한유니버설종신보험_080312.pdf-1.md, 029-사업방법서_(무)신한유니버설종신보험_080312.pdf-1.md, 034-약관_(무)신한유니버설종신보험_060703~071102_7614.pdf-1.md, 판매약관_신한큐브종합건강상해보험(무배당_해약환급금_미지급형)_230404.pdf.md, 판매약관_신한큐브종합건강상해보험_230404.pdf.md	③ 제2항에 따라 보험가입금액을 감액한 경우 기본보험금액의 계산시 적용하는 “이미 납입한 보험료”는 다음과 같습니다.\n감액이후의 「이미 납입한보험료」\n= 감액직전 이미 납입한 보험료 × 감액후 계약자적립금 / 감액전계약자적립금\n㈜「감액직전 이미 납입한 보험료」는 해당 감액전 중도인출 및 감액이 발생한 경우 제35조(계약자적립금의 인출) 제2항 및 상기 방법에 따라 계산된 이미 납입한 보험료를 말합니다.	약관_(무)신한유니버설종신보험_080312.pdf	일치	100	일치	100	일치	100	일치	Response는 정답의 핵심 내용을 정확히 포함하고 있으며, Context도 기대 문서명을 명확히 포함하고 있습니다.
17	신한유니버설종신보험 해약환급금 신청하여 환급금이 발생하였으나 아직 청구하지 않은 상황입니다. 일정기간이 지나서 청구하는 경우 지급이자는 어떻게 계산이 되나요?	신한유니버설종신보험의 해약환급금을 일정 기간 후 청구하는 경우 지급이자는 다음과 같이 계산됩니다:  \n\n1. **해약환급금 지급사유 발생일의 다음날부터 보험금 청구일까지의 기간**:  \n   - 1년 이내: 공시이율의 50%  \n   - 1년 초과 기간: 1%  \n\n2. **해약환급금 청구일의 다음날부터 지급 기일까지의 기간**:  \n   - 공시이율 + 1%  \n\n3. **지급기일의 다음날부터 해약환급금 지급일까지의 기간**:  \n   - 보험계약대출이율  \n\n추가적으로, 지급이자는 연단위 복리로 일자 계산되며, 소멸시효가 완성된 이후에는 지급되지 않습니다. 또한, 계약자 등의 책임 있는 사유로 지급이 지연된 경우 해당 기간에 대한 이자는 지급되지 않을 수 있습니다.  \n(출처: 약관_(무)신한유니버설종신보험_060703~071102_7614.pdf, 부표 4)	034-약관_(무)신한유니버설종신보험_060703~071102_7614.pdf-1.md, 029-사업방법서_(무)신한유니버설종신보험_080312.pdf-1.md, 038-약관_신한진심을품은변액유니버설종신보험(무배당)_20220401_v1.0.pdf-1.md, 011-300227_계약사항 변경 업무기준 요약표.docx-1.md	해약환급금 지급사유가 발생한 날의 다음날부터 해약환급금 청구일까지의 기간에 따라\n1년이내 : 공시이율의 50%\n1년초과기간 : 1%\n연단리 복리리 일자계산하여 지급합니다.	약관_(무)신한유니버설종신보험_080312.pdf	부분일치	85	부분일치	50	부분일치	78	부분일치 78%	Response는 정답의 핵심 내용을 대부분 포함하고 있으나, 일부 추가적인 정보(예: 지급기일 이후의 이자 계산 방식 등)가 포함되어 있어 정답과 완전히 일치하지 않습니다. Context는 관련 문서를 포함하고 있으나, 기대 문서명과 정확히 일치하지 않습니다.
18	신한유니버설종신보험 보험료 의무 납입기간 경과 이후에도 보험료 선납이 가능한가요? 만약에 가능하다면 선납가능한 보험료와 선납시 적용되는 이율을 알려주세요.	신한유니버설종신보험의 경우, 보험료 의무 납입기간 경과 이후에는 보험료 선납이 불가능합니다. 선납은 보험료 납입경과기간 2년(24회 납입) 이내에만 가능하며, 최대 23개월분까지 선납할 수 있습니다. (출처: 029-사업방법서_(무)신한유니버설종신보험_080312.pdf-1, 마. 선납보험료에 관한 사항)	029-사업방법서_(무)신한유니버설종신보험_080312.pdf-1.md, 031-신한THE착한연금미리받을수있는종신보험(무배당, 저해지환급형)_사업방법서_161004.pdf-1.md, 038-약관_신한진심을품은변액유니버설종신보험(무배당)_20220401_v1.0.pdf-1.md, 034-약관_(무)신한유니버설종신보험_060703~071102_7614.pdf-1.md	선납보험료는 납입경과 기간 2년이내에 한하여 기본보험료(특약이 부과된 경우 특약보험료 포함)의 배수로 선납이 가능하며 최대 23개월분 까지  선납이 가능합니다.\n선납보험료는 보험료 납입일부터 이계약의 공시이율로 부리 적립하고 해당 월계약 해당일에 해약환급금에서 월대체 보험료를 공제합니다.	약관_(무)신한유니버설종신보험_다른 파일에 있는 내용일듯	일치	100	부분일치	80	일치	96	일치	답변은 정답과 완전히 일치하며, 선납 가능 조건과 이율에 대한 설명도 정확합니다. 그러나 Context 문서명 중 일부만 기대 문서명과 일치하여 부분일치로 평가됩니다.
19	연금보험 프리스타일에 가입하여 연금개시후 종신형 연금 보증지급기간 안에 피보험자가 사망하면 일시금 지급이 가능한가요?	연금보험 프리스타일의 약관에 따르면, 연금개시 후 종신형 연금의 보증지급기간(20년 또는 100세) 안에 피보험자가 사망할 경우, 보증지급기간까지의 미지급된 연금액을 연금지급일에 지급하거나, '보험료 및 책임준비금 산출방법서'에 따라 공시이율로 할인하여 일시금으로 지급할 수 있습니다. (출처: 037-약관_무배당연금보험프리스타일_20130401_v3.0.pdf-1.md, 주)1. 책임준비금)	009-300197_제지급_우편.docx-1.md, 037-약관_무배당연금보험프리스타일_20130401_v3.0.pdf-1.md, 011-300227_계약사항 변경 업무기준 요약표.docx-1.md	종신형 연금 지급개시후 보증지급기간(10회 15회 20회) 동안 연금액을 보증지급하며, 보증지급기간(10회 15회 20회) 안에 피보험자(보험대상자) 사망시에는 보증지급기간까지의 미지급된 연금액을 연금지급일에 지급하거나, 보증지급기간 중 잔여기간동안의 연금액을 선지급 할 수 있습니다	docs/약관_무배당연금보험프리스타일_20130401_v3.0.pdf.md	부분일치	85	일치	100	일치	88	일치	Actual Response는 정답의 핵심 내용을 대부분 포함하고 있으나, 보증지급기간의 구체적인 옵션(10회, 15회, 20회)에 대한 언급이 누락되었습니다. Context는 기대 문서명을 정확히 포함하고 있습니다.
20	연금보험 프리스타일은 생존연금액 계산시 이율은 얼마인가요?	연금보험 프리스타일의 생존연금액 계산 시 적용되는 이율은 매월 1일 회사가 정한 공시이율로 하며, 최저보증이율은 가입 후 10년 이하의 경과기간에 대해 연복리 2.5%, 10년 초과의 경과기간에 대해 연복리 1%가 적용됩니다. (출처: 037-약관_무배당연금보험프리스타일_20130401_v3.0.pdf-1, 제19조)	037-약관_무배당연금보험프리스타일_20130401_v3.0.pdf-1.md, 036-약관_무배당연금보험프리스타일_20050401.pdf-1.md, 002-(무)종신보험표준형_20210101_약관.pdf-1.md, 033-약관_(무)S-MORE신한저축보험_110601.pdf-1.md, 034-약관_(무)신한유니버설종신보험_060703~071102_7614.pdf-1.md	생존연금의 계산은 “이 계약의 약관대출이율 - 1.5%”를 적용하여 계산되므로 이 계약의 약관 대출이율이 변경되면 생존연금액도 변경됩니다.	docs/약관_무배당연금보험프리스타일_20130401_v3.0.pdf.md	불일치	0	부분일치	50	불일치	10	불일치	Actual Response는 생존연금액 계산 이율에 대해 공시이율과 최저보증이율을 언급했으나, Standard Answer는 약관대출이율 - 1.5%를 기준으로 한다고 명시하여 핵심 내용이 다릅니다. Context는 기대 문서명을 일부 포함하지만 완전히 일치하지 않습니다.
21	연금보험 프리스타일에서 말하는 추가납입은 무엇을 의미하고 언제부터 추가납입이 가능하고 보험기간은 어떻게 되나요?	"프리스타일 연금보험에서 ""추가납입""은 보험료를 추가로 납입하는 것을 의미합니다. 2011년 4월 1일 이후 계약부터 기본보험료 증액은 불가능하며, 대신 월정기추가납입 또는 수시추가납입이 가능합니다. (출처: ""011-300227_계약사항 변경 업무기준 요약표.docx-1.md"", ""② 세부업무기준"")  \n\n보험기간에 대한 정보는 제공된 문서에서 확인되지 않았습니다."	011-300227_계약사항 변경 업무기준 요약표.docx-1.md	①이 특약의 보험료는 주계약의 보험계약일부터 1년 이상 경과한 경우에 계약자의 신청에 의하여 주계약의 보험료 납입기간동안 주계약 보험료에 추가하여 계속 납입하기로 한 증액된 부분의 보험료(이하 “증액보험료”라 합니다)를 말합니다.\n① 이 특약의 보험기간은 주계약의 제1보험기간과 동일합니다.\n②이 특약의 보험료는 주계약의 보험료 납입기간 중에 주계약의 보험료와 함께 납입하여야 하며 주계약의 보험료를 선납하는 경우에도 또한 같습니다.	docs/약관_무배당연금보험프리스타일_20130401_v3.0.pdf.md	부분일치	60	불일치	0	부분일치	48	부분일치 48%	Actual Response는 추가납입의 정의와 관련된 일부 정보를 제공했으나, 추가납입 가능 시점과 보험기간에 대한 정확한 정보를 포함하지 않았습니다. 또한, 제공된 Context 문서가 기대 문서명과 일치하지 않습니다.
22	무)파워변액유니버설종신보험에서 자산을 운용함에 있어 일반계정과 특별계정으로 나누어서 관리한다고 하는데, 무슨뜻인가요?	무)파워변액유니버설종신보험에서 자산을 일반계정과 특별계정으로 나누어 관리한다는 것은, 계약자가 납입한 보험료를 두 가지 방식으로 관리한다는 의미입니다.\n\n1. **일반계정**: 계약자가 납입한 보험료를 회계 처리하기 위한 계정으로, 특별계정에 해당하지 않는 자산을 관리합니다. 일반적으로 생명보험 상품 대부분에서 사용되는 관리 방식입니다. (출처: 026-무배당파워변액유니버설종신보험_약관_100401_주계약_변경.pdf, [ 일반계정])\n\n2. **특별계정**: 계약자적립금의 전부 또는 일부를 기타 재산과 구별하여 운용하기 위한 계정으로, 변액보험과 같은 상품에서 사용됩니다. 특별계정은 계약자가 선택한 자산(펀드)으로 운용되며, 그 운용 실적에 따라 계약자에게 투자이익이 배분됩니다. 이 계정은 일반계정과 분리되어 독립적으로 운용됩니다. (출처: 026-무배당파워변액유니버설종신보험_약관_100401_주계약_변경.pdf, [ 특별계정], 제4관 특별계정에 관한 사항)\n\n따라서, 일반계정은 안정적인 관리 목적을, 특별계정은 투자 성과에 따라 변동하는 자산 운용을 목적으로 합니다.	038-약관_신한진심을품은변액유니버설종신보험(무배당)_20220401_v1.0.pdf-1.md, 026-무배당파워변액유니버설종신보험_약관_100401_주계약_변경.pdf-1.md	①일반계정\n   보험업법에서 규정하고 있는 계약을 제외한 계약에서 계약자가 납입한 보험료를 회계 처리하기 위한 계정을 말하며, 회사는 특별계정과 \n   구분하여 자산을 관리하고 회계처리합니다.\n\n② 특별계정\n    준비금에 상당하는 자산의 전부 또는 일부를 기타자산과 구별하여 이용하기 위한 계정을 말합니다.	docs/무배당파워변액유니버설종신보험_약관_100401_주계약_변경.pdf.md	부분일치	75	일치	100	부분일치	80	부분일치 80%	Response는 일반계정과 특별계정의 개념을 설명하며 정답과 유사하지만, 일부 표현이 정답과 다르고 약간의 추가 정보가 포함되어 있습니다. Context는 기대 문서명을 정확히 포함하고 있습니다.
23	무)파워변액유니버설종신보험 변액상품을 가입하였는데 펀드 설정이 귀찮습니다. 알아서 하는 방법은 없나요?	"무)파워변액유니버설종신보험에서 펀드 설정을 자동으로 관리하려면 ""펀드자동재배분"" 옵션을 활용할 수 있습니다. 이 옵션은 일정 주기마다 펀드별 계약자적립금을 고객이 선택한 펀드별 편입비율로 자동으로 재배분하는 기능입니다. 예를 들어, 3개월 주기로 A펀드 50%와 B펀드 50%를 선택하면, 매 3개월마다 계약자적립금 총액을 기준으로 A펀드와 B펀드에 각각 50%씩 배분됩니다. (출처: 038-약관_신한진심을품은변액유니버설종신보험(무배당)_20220401_v1.0.pdf-1, 펀드자동재배분)"	038-약관_신한진심을품은변액유니버설종신보험(무배당)_20220401_v1.0.pdf-1.md, 026-무배당파워변액유니버설종신보험_약관_100401_주계약_변경.pdf-1.md, 032-신한THE착한연금미리받을수있는종신보험(무배당, 저해지환급형)_약관_161004.pdf-1.md, 판매약관_신한큐브종합건강상해보험_230404.pdf.md	(펀드자동재배분)\n펀드자동재배분이라함은 일정 주기마다 펀드별 계약자 적립금을 고객이 선택한 편입비율로 재배분하는 옵션을 말합니다.\n예를 들어 3개월 주기 펀드자동재배분, A펀드 50% + B펀드 50%선택한 경우에는 매3개월마다 계약자 적립금 총액을 기준으로 A펀드와 B펀드에 계약자 적립금을 50% : 50%의 비율로 각각 배분하게 됩니다.\n\n-> 질문에 대한 확대 답변 포함\n   (펀드의 선택 -> 펀드 재배분)	docs/무배당파워변액유니버설종신보험_약관_100401_주계약_변경.pdf.md	일치	100	부분일치	50	부분일치	90	부분일치 90%	답변은 정답과 완전히 일치하나, 실제 Context에 기대 문서명이 포함되지 않아 Context 평가 점수가 낮아졌습니다.
24	무)파워변액유니버설상품을 가입하였는데, 사망한 경우는 보험금을 주나요?	무배당 파워변액유니버설 상품의 약관에 따르면, 피보험자가 사망한 경우 보험회사는 보험수익자에게 약정된 사망보험금을 지급합니다. (출처: 026-무배당파워변액유니버설종신보험_약관_100401_주계약_변경.pdf, 5. 보험금)	026-무배당파워변액유니버설종신보험_약관_100401_주계약_변경.pdf-1.md, 004-000.주계약약관_(355간편)신한통합건강보장보험원(ONE)(무배당, 해약환급금 미지급형)_20240101_v0.2.pdf-1.md, 002-(무)종신보험표준형_20210101_약관.pdf-1.md, 판매약관_신한큐브종합건강상해보험(무배당_해약환급금_미지급형)_230404.pdf.md, 010-300200_법인계약 고객센터 상담 기준.docx-1.md, 034-약관_(무)신한유니버설종신보험_060703~071102_7614.pdf-1.md, 별첨2_분류표_20240401_v1.3.pdf.md, 037-약관_무배당연금보험프리스타일_20130401_v3.0.pdf-1.md, 021-대법원 2021. 2. 4. 선고 2017다281367 판결.pdf-1.md	보험기간중 피보험자(보험대상자)가 사망하거나 장해분류표 중 동일한 재해 또는 재해이외의 동일한 원인으로 여러 신체부위의 장해지급률을 더하여 80%이상인 장해상태가 되었을 경우\n▶ 기본보험금액 + 가산보험금액 지급합니다.\n\n-> 제공자료의 사망보험금\n   (다음 중 가장 큰 금액을 지급)\n    - 기본보험금액\n    - 계약자적립금 ×  105%\n    - 이미 납입한 보험료	docs/무배당파워변액유니버설종신보험_약관_100401_주계약_변경.pdf.md	부분일치	75	일치	100	부분일치	80	부분일치 80%	Response는 사망 시 보험금 지급에 대해 언급했으나, 지급 조건 및 구체적인 금액 산정 방식(기본보험금액, 계약자적립금 × 105%, 이미 납입한 보험료 중 가장 큰 금액)이 누락되었습니다. Context는 기대 문서명과 일치합니다.
25	신한THE착한연금미리받을수있는종신보험 현재 공제되는 위험보험료를 알려주세요	제공된 문서들에는 신한THE착한연금미리받을수있는종신보험의 현재 공제되는 위험보험료에 대한 정보가 포함되어 있지 않습니다. 추가적인 정보를 확인하려면 관련된 약관이나 상세 자료를 참조해야 합니다.	029-사업방법서_(무)신한유니버설종신보험_080312.pdf-1.md, 031-신한THE착한연금미리받을수있는종신보험(무배당, 저해지환급형)_사업방법서_161004.pdf-1.md, 001-(무)종신보험표준형_20210101_산출방법서.doc-1.md, 032-신한THE착한연금미리받을수있는종신보험(무배당, 저해지환급형)_약관_161004.pdf-1.md, 038-약관_신한진심을품은변액유니버설종신보험(무배당)_20220401_v1.0.pdf-1.md, 009-300197_제지급_우편.docx-1.md, 판매약관_신한큐브종합건강상해보험_230404.pdf.md, 035-약관_(무)신한유니버설종신보험_080312.pdf-1.md, 034-약관_(무)신한유니버설종신보험_060703~071102_7614.pdf-1.md	신한THE착한연금미리받을수있는종신보험은 보장성 상품으로 저축성 상품처럼 납입보험료에서 일정액을 공제하고 공시이율로 부리하는 상품이 아닙니다, 따라서 보장성보험은 저축성 보험처럼 위험보험료를 별도로 산출하지 않습니다\n신한THE착한연금미리받을수있는종신보험의 기초서류(산출방법서)에 의하여 장래의 위험에 대비하기 위하여 매 경과년도별로 별도의 적립금(책임준비금)을 산출하여 적립하고 해당 책임준비금으로 계약을 해약할 경우 해약환급금을 계산하여 지급합니다.	docs/신한THE착한연금미리받을수있는종신보험(무배당, 저해지환급형)_사업방법서_161004.pdf.md	부분일치	50	일치	100	부분일치	60	부분일치 60%	Response는 질문에 대한 직접적인 답변을 제공하지 않고 관련 문서에서 정보를 찾을 수 없다고만 언급했습니다. 그러나 정답은 위험보험료가 별도로 산출되지 않는다는 점을 명확히 설명하고 있습니다. Context는 기대 문서명을 포함하고 있어 일치로 평가됩니다.
26	신한THE착한연금미리받을수있는종신보험에서 보험료 납입기간 중에 해지하면 환급금이 적은데 이유가 뭔가요?	신한THE착한연금미리받을수있는종신보험에서 보험료 납입기간 중 해지 시 환급금이 적은 이유는 납입한 보험료 중 일부가 위험보장을 위한 보험료, 계약체결비용 및 계약관리비용으로 차감된 후 운용 및 적립되기 때문입니다. 또한, 해지 시에는 적립금에서 이미 지출된 계약체결비용 해당액이 추가로 차감됩니다. 특히 저해지환급형(50%형 및 70%형)의 경우, 보험료 납입기간 중 해지 시 일반형(100%형) 해지환급금의 각각 50% 또는 70%만 환급되도록 설계되어 있습니다. 보험료 납입기간이 완료된 이후에는 일반형(100%형) 해지환급금과 동일하게 지급됩니다. (출처: 약관 및 사업방법서)	032-신한THE착한연금미리받을수있는종신보험(무배당, 저해지환급형)_약관_161004.pdf-1.md, 031-신한THE착한연금미리받을수있는종신보험(무배당, 저해지환급형)_사업방법서_161004.pdf-1.md, 001-(무)종신보험표준형_20210101_산출방법서.doc-1.md, 003-000.산출방법서_(355간편)신한통합건강보장보험원(ONE)(무배당, 해약환급금 미지급형)_20240101_v0.1.pdf-1.md, 판매약관_신한큐브종합건강상해보험_230404.pdf.md	가. 저해지환급형(50%형 및 70%형)은 “저해지환급형” 상품으로 보험료 납입기간중 계약이 해지될 경우 일반형(100%형)의 해지환급금 대비 적은 해지환급금을 지급하는 대신 일반형(100%형)보다 저렴한 보험료로 종신보험을 가입할수 있도록 한 상품이다.\n나. “가.”에서 해지환급금을 계산할 때 기준이 되는 일반형(100%형)의 해지환급금 은 “보험료 및 책임준비금 산출방법서”에서 정한 방법에 따라 산출된 금액으로 해지율을 적용하지 않고 계산한다.\n다. 저해지환급형(50%형 및 70%형)의 계약이 보험료 납입기간 중 해지될 경우의 해지환급금은 50%형의 경우 일반형(100%형) 해지환급금의 \n50%에 해당하는 금액으로 하며, 70%형의 경우 일반형(100%형) 해지환급금의 70%에 해당하는 금액으로 한다. 다만, 보험료 납입기간이 완료된 이후 계약이 해지되는 경우에는 일반형(100%형)의 해지환급금과 동일하며 납입되지 않은 보험료가 있는 경우 매월 계약해당일에 정상적으로 보험료가 납입되었을 때의 해지환급금에서 납입되지 않은 보험료를 차감하여 지급한다.	docs/신한THE착한연금미리받을수있는종신보험(무배당, 저해지환급형)_사업방법서_161004.pdf.md + docs/신한THE착한연금미리받을수있는종신보험(무배당, 저해지환급형)_약관_161004.pdf.md	일치	100	일치	100	일치	100	일치	Response는 정답의 핵심 내용을 정확히 포함하고 있으며, Context 문서도 기대 문서명과 일치합니다.
27	신한THE착한연금미리받을수있는종신보험 보험료 납입하다가 연금으로 전환이 되는것으로 아는데 연금전환하면 전환 후의 약관 및 요율을 적용하는거 맞지요?	신한THE착한연금미리받을수있는종신보험에서 연금으로 전환 시, 전환 전 계약 가입 시의 약관 및 기초율(위험률, 계약관리비용)을 기준으로 연금액을 계산하여 지급합니다. 다만, 종신연금형의 경우 연금전환 시 연금생명표 개정 등에 따라 전환 당시 연금생명표를 기준으로 계산한 연금액이 더 큰 경우에는 전환 당시의 연금생명표를 기준으로 연금액을 산출하여 지급합니다. 이와 관련하여 연금액 변동내역 및 연금지급형태 선택방법 등은 계약자가 연금전환을 신청할 때 안내됩니다. (출처: 약관 및 사업방법서 관련 섹션)	032-신한THE착한연금미리받을수있는종신보험(무배당, 저해지환급형)_약관_161004.pdf-1.md, 031-신한THE착한연금미리받을수있는종신보험(무배당, 저해지환급형)_사업방법서_161004.pdf-1.md, 034-약관_(무)신한유니버설종신보험_060703~071102_7614.pdf-1.md, 029-사업방법서_(무)신한유니버설종신보험_080312.pdf-1.md, 판매약관_신한큐브종합건강상해보험_230404.pdf.md, 판매약관_신한큐브종합건강상해보험(무배당_해약환급금_미지급형)_230404.pdf.md	가. 연금전환특약의 연금액은 전환일 현재 피보험자의 나이에 의하여 계산한다.\n나. 연금전환특약은 전환전계약 가입시의 약관 및 보험요율을 적용한다.다만, 종신연금형의 경우 연금전환시 연금생명표 개정 등에 따라 가입당시 연금생명표로 계산한 연금액보다 연금전환당시 연금생명표로 계산한 연금액이더 큰 경우에는 연금전환 당시의 연금생명표를 기준으로 산출한 연금액을 지급한다. 이 경우 회사는 계약자가 연금전환을 신청하였을 때 연금액 변동내역 및 연금지급형태 선택방법 등을 안내한다.	docs/신한THE착한연금미리받을수있는종신보험(무배당, 저해지환급형)_약관_161004.pdf.md	일치	100	부분일치	80	일치	96	일치	응답이 정답의 핵심 내용을 정확히 반영하고 있으며, 약관 및 요율 적용 조건과 예외사항도 모두 포함되어 있습니다. 그러나 실제 Context 문서 목록에 기대 문서명이 일부만 포함되어 있어 Context 일치도가 약간 낮습니다.
28	무배당 종신보험 표준형 15년납 2006년에 가입하여, 완납된 상태입니다. 이후에도 공제되는 사업비가 있나요?	"무배당 종신보험 표준형 15년납 상품의 경우, 보험료 완납 후에도 매년 보험가입금액에 대해 계약관리비용으로 0.25/1,000이 공제됩니다. 이는 ""001-(무)종신보험표준형_20210101_산출방법서"" 문서의 ""나. 비일시납"" 섹션에서 확인된 내용입니다."	023-무배당종신보험_사업방법서_060401.doc-1.md, 002-(무)종신보험표준형_20210101_약관.pdf-1.md, 001-(무)종신보험표준형_20210101_산출방법서.doc-1.md, 038-약관_신한진심을품은변액유니버설종신보험(무배당)_20220401_v1.0.pdf-1.md, 024-무배당종신보험표준형_산출방법서_060401.doc-1.md	완납이후에는 납입후 유지비만 공제되며, 매년 보험가입금액 * 0.25/1000으로 공제됩니다.	docs/무배당종신보험_사업방법서_060401.doc.md	일치	100	부분일치	50	부분일치	90	부분일치 90%	답변은 정답과 완전히 일치하지만, 실제 Context에 기대 문서명이 포함되지 않아 부분일치로 평가됩니다.
29	무배당 종신보험 표준형으로 현재 실효가 된 상태입니다. 부활시 부활이자는 어떻게 되나요?	제공된 문서들에서는 무배당 종신보험 표준형의 부활 시 부활이자 계산 방법에 대한 구체적인 내용이 확인되지 않습니다. 추가적인 정보가 필요합니다.	002-(무)종신보험표준형_20210101_약관.pdf-1.md, 023-무배당종신보험_사업방법서_060401.doc-1.md, 024-무배당종신보험표준형_산출방법서_060401.doc-1.md, 029-사업방법서_(무)신한유니버설종신보험_080312.pdf-1.md	계약자는 실효된 날부터 2년 이내에 계약의 부활(효력회복)을 청약할 수 있으며, 회사가 이를 승낙한 때에는 부활(효력회복)을 청약한 날까지의 연체된 보험료에 이 계약의 예정이율+1% 범위 내에서 이 보험에 대해 회사가 정하는 이율로 계산한 금액을 더하여 납입하여야 합니다.	docs/무배당종신보험표준형_약관_060401.pdf.md	불일치	0	부분일치	50	불일치	10	불일치	Response가 부활이자 계산 방법에 대해 답변하지 못했으며, 기대 문서명과 일부 관련 문서만 포함되어 있습니다.
30	무배당 종신보험 표준형 가입한 고객입니다. 선납시 보험료 할인이 있나요?	무배당 종신보험 표준형의 경우, 3개월분 이상의 보험료를 선납할 때 할인율은 예정이율로 적용됩니다. (출처: 023-무배당종신보험_사업방법서_060401.doc-1.md, 보험료 할인 > 보험료선납)	023-무배당종신보험_사업방법서_060401.doc-1.md, 002-(무)종신보험표준형_20210101_약관.pdf-1.md, 031-신한THE착한연금미리받을수있는종신보험(무배당, 저해지환급형)_사업방법서_161004.pdf-1.md, 029-사업방법서_(무)신한유니버설종신보험_080312.pdf-1.md, 034-약관_(무)신한유니버설종신보험_060703~071102_7614.pdf-1.md	3개월 이상의 보험료를 선납시 할인이 적용되며, 할인율은 예정이율로 합니다.	무배당종신보험_사업방법서_060401.doc	일치	100	일치	100	일치	100	일치	Response가 정답의 핵심 내용을 정확히 포함하고 있으며, 관련 문서도 기대 문서명과 일치합니다.
31	신한진심을품은변액유니버설종신을 연금으로 전환시 연금액은 어떻게 산출이 되나요?	질문과 일치하는 상품 문맥을 찾지 못했습니다.	032-신한THE착한연금미리받을수있는종신보험(무배당, 저해지환급형)_약관_161004.pdf-1.md, 031-신한THE착한연금미리받을수있는종신보험(무배당, 저해지환급형)_사업방법서_161004.pdf-1.md, 033-약관_(무)S-MORE신한저축보험_110601.pdf-1.md, 011-300227_계약사항 변경 업무기준 요약표.docx-1.md, 034-약관_(무)신한유니버설종신보험_060703~071102_7614.pdf-1.md	보험계약자가 연금계약으로 전환시, 회사는 주계약 가입당시 “사업방법서, 약관, 보험료 및 책임준비금 산출방법서와 보험요율[연금사망률, 계약관리비용, 가입당시 산출기준에 따른 공시이율(최저보증이율 포함)]을 기준으로 연금액을 계산하여 지급합니다.	docs/약관_신한진심을품은변액유니버설종신보험(무배당)_20220401_v1.0.pdf.md	불일치	0	불일치	0	불일치	0	불일치	응답이 질문에 대한 답변을 제공하지 못했으며, 관련 문서도 포함되지 않았습니다.
32	신한진심을품은변액유니버설종신에서 중도인출시 언제 지급되나요?	질문과 일치하는 상품 문맥을 찾지 못했습니다.	023-무배당종신보험_사업방법서_060401.doc-1.md, 033-약관_(무)S-MORE신한저축보험_110601.pdf-1.md, 011-300227_계약사항 변경 업무기준 요약표.docx-1.md, 029-사업방법서_(무)신한유니버설종신보험_080312.pdf-1.md, 035-약관_(무)신한유니버설종신보험_080312.pdf-1.md, 010-300200_법인계약 고객센터 상담 기준.docx-1.md	계약자적립금의 인출시 인출금액은 「인출신청일 + 제2영업일」 의 기준가격을 적용하여 계약자적립금에서 차감되며, 지급됩니다. 계약자적립금의 인출은 추가납입보험료에 의한 계약자적립금에서 우선적으로 가능하며, 추가납입보험료에 의한 계약자적립금이 부족한 경우에 한하여 기본보험료에 의한 계약자적립금에서 인출이 가능합니다.	docs/약관_신한진심을품은변액유니버설종신보험(무배당)_20220401_v1.0.pdf.md	불일치	0	불일치	0	불일치	0	불일치	응답이 질문에 대한 답변을 제공하지 못했으며, 관련 문서도 포함되지 않았습니다.
33	신한진심을품은변액유니버설종신에서 의무납입기간 2년이후 보험료 납입을 하지 않을경우 공제되는 보험료는 어떻게 되나요?	"신한진심을품은변액유니버설종신보험에서 의무납입기간 2년(24회 납입) 이후 보험료를 납입하지 않을 경우, 해지환급금(보험계약대출의 원금과 이자를 차감한 금액으로 특약의 해지환급금은 제외된 금액)에서 해당 월의 월대체보험료를 공제합니다. 월대체보험료는 위험보험료, 계약관리비용 중 유지관련비용, 최저사망보험금 보증비용, 특약보험료(보험료 납입이 면제된 특약은 제외)로 구성됩니다. 계약관리비용 중 기타비용은 기본보험료 납입 시에 공제됩니다.  \n\n출처: 038-약관_신한진심을품은변액유니버설종신보험(무배당)_20220401_v1.0.pdf-1.md, ""제34조 제2회 이후 보험료의 납입"" 및 ""월대체보험료 공제 예시"""	034-약관_(무)신한유니버설종신보험_060703~071102_7614.pdf-1.md, 035-약관_(무)신한유니버설종신보험_080312.pdf-1.md, 029-사업방법서_(무)신한유니버설종신보험_080312.pdf-1.md, 038-약관_신한진심을품은변액유니버설종신보험(무배당)_20220401_v1.0.pdf-1.md, 037-약관_무배당연금보험프리스타일_20130401_v3.0.pdf-1.md, 031-신한THE착한연금미리받을수있는종신보험(무배당, 저해지환급형)_사업방법서_161004.pdf-1.md	월대체보험료는 매월 계약해당일에 해지환급금(단, 보험계약대출의 원금과 이자를 차감한 금액으로 특약의 해지환급금은 제외된 금액)에서 공제하며, 계약관리비용 중 기타비용은 기본보험료(특약이 부가된 경우 특약보험료 포함) 납입시에 공제합니다.	docs/약관_신한진심을품은변액유니버설종신보험(무배당)_20220401_v1.0.pdf.md	일치	100	일치	100	일치	100	일치	Response는 정답의 핵심 내용을 정확히 포함하고 있으며, Context도 기대 문서명을 명확히 포함하고 있습니다.
34	S-MORE신한저축보험에서 납입일시중지를 신청하면 빠지는 보험료가 있나요?	S-MORE신한저축보험에서 납입일시중지를 신청하면 기본 보험료와 특약보험료를 포함한 모든 보험료의 납입이 중지됩니다. 단, 납입일시중지기간 동안에는 월 계약해당일에 적립액에서 납입일시중지 월 공제액이 공제됩니다. 납입일시중지 월 공제액을 적립액에서 공제할 수 없는 경우에는 납입일시중지기간이 종료됩니다. (출처: 033-약관_(무)S-MORE신한저축보험_110601.pdf-1.md, 제13조 【 보험료의 납입일시중지 】)	033-약관_(무)S-MORE신한저축보험_110601.pdf-1.md	납입일시중지기간동안 계약유지를 위해 납입일시중지 월공제액을 월계약해당일에 적립액에서 공제합니다.\n납입일시중지기간은 월계약해당일에 해지환급금(보험계약대출원리금을 차감한 금액 기준)에서 해당월의 위험보험료와 부가보험료(수금비 제외) 및 특약이 부가된 경우 특약보험료(수금비 제외)의 합계액(이하 “납입일시중지 월공제액”이라 합니다)의 공제가 가능한 기간 이내로 하고, 보험료 납입일시중지를 신청시 1회 3개월 단위로 납입중지횟수를 선택하여야 하며, 최대 12회(36개월)까지 선택 가능합니다.	docs/약관_(무)S-MORE신한저축보험_110601.pdf.md	부분일치	75	일치	100	부분일치	80	부분일치 80%	Response는 납입일시중지 시 보험료 납입 중지와 공제액 관련 내용을 포함했으나, 최대 12회(36개월)까지 선택 가능하다는 조건이 누락되었습니다.
35	S-MORE신한저축보험 적립액 인출시 조건이 어떻게 되나요?	S-MORE신한저축보험의 적립액 인출 조건은 다음과 같습니다:\n\n1. **인출 가능 시기**: 계약일로부터 1개월이 지난 후부터 만기일 이전까지 가능합니다.  \n2. **연간 인출 횟수 제한**: 보험년도 기준 연 12회로 제한됩니다.  \n3. **총 인출 금액 제한**: 계약 후 경과 기간 10년 이내의 총 인출 금액은 계약자가 실제 납입한 보험료 총액(특약보험료 제외)을 초과할 수 없습니다.  \n4. **수수료**: 인출 시 수수료는 인출 금액의 0.2%와 2,000원 중 적은 금액이 부과되며, 이는 적립액에서 차감됩니다.  \n5. **인출 후 잔액 조건**:  \n   - 월납의 경우: 인출 후 적립액이 월납 기본 보험료의 500%와 300만 원 중 적은 금액 미만이 되어서는 안 됩니다.  \n   - 일시납의 경우: 인출 후 적립액이 일시납 기본 보험료의 10% 미만이 되어서는 안 됩니다.  \n6. **중도 인출 우선순위**: 추가납입보험료에 의한 적립액에서 우선적으로 인출 가능하며, 추가납입보험료 적립액이 부족한 경우 기본 보험료 적립액에서 인출 가능합니다.\n\n출처: `033-약관_(무)S-MORE신한저축보험_110601.pdf-1.md`, 제23조 【 적립액의 인출 】.	033-약관_(무)S-MORE신한저축보험_110601.pdf-1.md	적립액의 일부를 인출하기 위해서는 인출 후 적립액이 월납의 경우에는 월납 기본보험료의 500%와 300만원 중 적은 금액 미만, 일시납의 경우에는 일시납 기본보험료의 10%미만이 되지 않아야 합니다.	docs/약관_(무)S-MORE신한저축보험_110601.pdf.md	일치	100	일치	100	일치	100	일치	Response는 정답의 핵심 조건을 모두 충실히 포함하고 있으며, 실제 Context 문서도 기대 문서명과 정확히 일치합니다.
36	S-MORE신한저축보험 가입하고 사망보험금을 수령하지 않은 상태입니다. 이자는 계속 발생하는지요?	S-MORE 신한저축보험의 약관에 따르면, 보험금 지급 사유가 발생하여 사망보험금을 수령하지 않은 상태라면 계약은 효력을 잃게 됩니다. 따라서 이자가 계속 발생하는지에 대한 명확한 근거는 제공된 약관에서 확인되지 않습니다. 추가적으로, 적립금에 적용되는 이율은 변동할 수 있으며, 이는 보험금 지급액에 영향을 미칠 수 있습니다. 이자 발생 여부에 대한 명확한 정보는 약관에서 부족합니다.	033-약관_(무)S-MORE신한저축보험_110601.pdf-1.md	지급기일의 다음날부터 보험금 지급일까지의 기간 : 이 보험의 보험계약대출이율로 연 단위 복리로 계산되며, 소멸시효(약관)가 완성된 3년이후에는 지급하지 않습니다.	docs/약관_(무)S-MORE신한저축보험_110601.pdf.md	부분일치	60	일치	100	부분일치	76	부분일치 76%	Response는 약관에 명시된 이자 발생 조건을 명확히 설명하지 못하고 불확실한 정보를 제공했습니다. 그러나 관련 약관 문서를 정확히 참조했습니다.
37	신한큐브종합건강상해보험 가입후 주피보험자 사망할 경우 주계약 보장내용알려주세요. 그리고 주피 장해시 납입면제 기준은 무엇인가요?	제공된 컨텍스트에는 신한큐브종합건강상해보험의 주피보험자 사망 시 주계약 보장 내용이나 주피보험자 장해 시 납입면제 기준에 대한 정보가 포함되어 있지 않습니다. 추가적인 정보를 확인해야 정확한 답변을 드릴 수 있습니다.	012-300233_계약관계자변경.docx-1.md, 034-약관_(무)신한유니버설종신보험_060703~071102_7614.pdf-1.md, 037-약관_무배당연금보험프리스타일_20130401_v3.0.pdf-1.md, 판매약관_신한큐브종합건강상해보험_230404.pdf.md, 판매약관_신한큐브종합건강상해보험(무배당_해약환급금_미지급형)_230404.pdf.md	주계약 보장내용\n- 재해장해급여금 : 보험기간 중 피보험자가 재해를 직접적인 원인으로 장해분류표에서 정한 장해지급률 중 3%이상 100%이하에 해당하는 장해상태가 되었을 때\n- 보험료 납입기간 중 피보험자가 「장해분류표 중 동일한 재해 또는 재해이외의 동일한 원인으로 여러 신체부위의 장해지급률을 더하여 50%이상인 장해상태」가 되었을 경우에는 차회 이후의 보험료 납입을 면제함\n- 보험기간 중 피보험자가 사망하였을 경우에는 이 계약은 그때부터 효력이 없음. 다만, 보험기간 중 피보험자가 사망한 경우에는 산출방법서에서 정하는 바에 따라 회사가 적립한 사망당시의 계약자적립액을 계약자에게 지급함	판매약관_신한큐브종합건강상해보험(무배당_해약환급금_미지급형)_230404.pdf.md	부분일치	50	일치	100	부분일치	60	부분일치 60%	Response는 질문에 대한 답변을 제공하지 못하고 추가 정보가 필요하다고만 언급하여 핵심 내용을 전달하지 못했습니다. 그러나 Context는 기대 문서명을 포함하고 있어 일치로 평가됩니다.
38	신한큐브종합건강상해보험 가입했는데 6년 유지하다가 해지하게되면 어떻게되는지 해약환급금 기준이랑 산출식, 산출근거는 어떻게 되나요?	"신한큐브종합건강상해보험은 ""무배당, 해약환급금 미지급형""으로 명시되어 있습니다. 따라서 해지 시 해약환급금이 지급되지 않는 상품입니다. 해약환급금 기준, 산출식, 산출 근거에 대한 정보는 해당 약관에서 제공되지 않았습니다."	판매약관_신한큐브종합건강상해보험(무배당_해약환급금_미지급형)_230404.pdf.md, 판매약관_신한큐브종합건강상해보험_230404.pdf.md	"해약환급금 미지급형 가입시\n- 보험료 납입기간 중 계약을 해지할 경우 해약환급금은 없습니다.\n- 다만, 보험료 납입기간이 완료된 이후에 해지될 경우에는 ""일반형"" 대비 해약환급금이 적은 대신 ""일반형""보다 낮은 보험료로 가입할 수 있도록 한 상품입니다.\n\n나. 해약환급금\n(1) 납입후환급률연동형\n  - 납입기간 중\n\n\n  - 납입기간 후\n\n\n\n    다만, ○ 은 ‘2.1. 시산보험료 산출에 관한 사항’ ‘납입후환급률연동형’의 영업보험료\n         ○ 은 ‘2.1. 시산보험료 산출에 관한 사항’ 참조"	판매약관_신한큐브종합건강상해보험(무배당_해약환급금_미지급형)_230404.pdf.md	일치	100	일치	100	일치	100	일치	Response는 해약환급금 미지급형 상품의 특성을 정확히 설명하며, 약관에 해약환급금 산출식 및 근거가 제공되지 않는다는 점을 명확히 언급했습니다. Context도 기대 문서명과 일치합니다.
39	신한유니버설종신보험 중도인출 가능금액기준과  추후 중도인출시 사망보험금이 줄어드는지 문의드립니다.	"신한유니버설종신보험의 중도인출 가능금액 기준은 다음과 같습니다:  \n\n1. 보험료 납입경과기간 2년(24회 납입) 이후부터 중도인출이 가능합니다.  \n2. 계약 후 경과기간 10년 이내의 총 인출금액은 계약자가 실제 납입한 보험료 총액(특약보험료 제외)을 초과할 수 없습니다.  \n3. 1회 인출할 수 있는 최고금액은 인출 당시 해약환급금(보험계약대출 원리금 제외)의 50%를 초과할 수 없습니다.  \n4. 총 인출금액은 계약자가 실제 납입한 기본보험료 총액을 초과할 수 없습니다.  \n\n중도인출 시 사망보험금은 감소할 수 있습니다. 기본사망보험금은 ""보험가입금액에서 중도인출금액을 차감하고 추가납입보험료를 합산한 금액""으로 계산되므로, 중도인출금액이 많아질수록 사망보험금이 줄어들게 됩니다.  \n\n출처:  \n- 사업방법서 (무)신한유니버설종신보험 (080312), ""9. 중도인출에 관한 사항""  \n- 약관 (무)신한유니버설종신보험 (080312), ""제15조 【 보험금액 】"""	029-사업방법서_(무)신한유니버설종신보험_080312.pdf-1.md, 034-약관_(무)신한유니버설종신보험_060703~071102_7614.pdf-1.md, 035-약관_(무)신한유니버설종신보험_080312.pdf-1.md, 007-300138_라이프앱가능업무.docx-1.md, 038-약관_신한진심을품은변액유니버설종신보험(무배당)_20220401_v1.0.pdf-1.md	제35조【계약자적립금의 인출】\n① 계약자는 일시납계약의 경우는 보험계약 성립일 이후 월납계약은 보험료 납입경과기간 2년(24회 납입) 이후부터 보험기간 중에 회사가 정한 기준에 따라 해약환급금(보험계약대출원리금을 차감한 금액 기준)의 50% 범위 내(단, 계약자적립금의 인출로 인하여 장래의 월대체보험료를 충당할 수 없는 경우에는 계약자적립금의 인출이 불가능합니다)에서 계약자적립금을 보험년도 기준 년12회까지 인출할 수 있으며, 인출시 수수료는 인출금액의 0.2%와 2,000원 중 작은 금액으로 합니다. 단, 총 인출금액은 계약자가 실제 납입한  기본보험료 총액을 초과할 수 없습니다.\n\n제15조【보험금액】\n① 보험금액은 보험금의 지급사유가 발생한 날의 기본보험금액과 변동보험금액의 합계액으로 합니다. \n② 제1항의 기본보험금액은 기본사망보험금과 이미 납입한 보험료 그리고 계약자적립금의 110% 금액 중 가장 큰 금액으로 합니다.\n③ 제2항의 기본사망보험금은 보험가입금액에서 중도인출금액을 차감하고 추가납입보험료를 합산한 금액으로서, 보험가입금액을 최고한도로 합니다.	docs/약관_(무)신한유니버설종신보험_080312.pdf.md	일치	100	부분일치	80	일치	96	일치	답변은 정답의 핵심 내용을 정확히 반영하고 있으며, 중도인출 가능 기준과 사망보험금 감소 조건을 명확히 설명했습니다. 그러나 실제 Context 문서 목록에 기대 문서명이 일부 포함되지 않아 Context 일치도가 약간 낮습니다.
40	(355간편)신한통합건강보장보험 원(ONE) 상품 가입 후 보험가입금액을 감액할 경우 감액 후의 해약환급금 산출식 및 근거를 알려주세요.	"신한통합건강보장보험 원(ONE) 상품에서 보험가입금액을 감액할 경우, 감액 후의 해약환급금은 다음 공식에 의해 산출됩니다:  \n\n- 감액 후 해약환급금 = 감액 전 해약환급금 × (감액 후 보험가입금액 / 감액 전 보험가입금액)  \n\n이 공식은 산출방법서의 ""보험가입금액의 감액에 관한 사항""에서 제공된 내용에 근거합니다."	003-000.산출방법서_(355간편)신한통합건강보장보험원(ONE)(무배당, 해약환급금 미지급형)_20240101_v0.1.pdf-1.md, 004-000.주계약약관_(355간편)신한통합건강보장보험원(ONE)(무배당, 해약환급금 미지급형)_20240101_v0.2.pdf-1.md	회사는 계약자가 제1항 제2호에 따라 보험가입금액을 감액하고자 할 때에는 그 감액된 부분은 해지된 것으로 봅니다. 이로써 회사가 지급하여야 할 해약환급금이 있을 때에는 제32조(해약환급금) 제1항에 따른 해약환급금을 계약자에게 지급합니다\n[보험가입금액의 감액에 관한 사항]\n보험가입금액을 감액할 때에는 감액된 부분은 해지된 것으로 보고 다음 공식에 의하여 산출된 금액을 계약자에게 지급함\n지급액 =	docs/000.주계약약관_(355간편)신한통합건강보장보험원(ONE)(무배당, 해약환급금 미지급형)_20240101_v0.2.pdf.md	부분일치	75	부분일치	90	부분일치	78	부분일치 78%	Response는 감액 후 해약환급금 산출식을 제공했으나, 정답의 일부 조건 및 조항 설명이 누락되었습니다. Context는 관련 문서를 포함하지만 기대 문서명이 일부 다릅니다.
41	(355간편)신한통합건강보장보험 원(ONE) 보험에 가입하면 일정조건 시 주계약 납입보험료가 면제되는 것으로 알고 있는데 주계약 납입면제 조건 및 그 내용에 대해서 알려주세요	"제공된 컨텍스트에는 ""(355간편)신한통합건강보장보험 원(ONE)"" 보험의 주계약 납입면제 조건에 대한 정보가 포함되어 있지 않습니다. 추가적인 세부 내용이 필요합니다."	004-000.주계약약관_(355간편)신한통합건강보장보험원(ONE)(무배당, 해약환급금 미지급형)_20240101_v0.2.pdf-1.md, 003-000.산출방법서_(355간편)신한통합건강보장보험원(ONE)(무배당, 해약환급금 미지급형)_20240101_v0.1.pdf-1.md	주계약은 납입면제가 없습니다. 다만, 이 주계약의 보험료를 납입면제 할수 있는 특약을 가입한 경우, 보험료 납입기간 중 피보험자가 해당 특약에서 정하는 기준에 따라 납입면제 사유에 해당되는 경우에는 차회 이후 주계약의 보험료 납입을 면제합니다.\n자세한 납입면제 특약의 요건은 해당 약관을 참조하시기 바랍니다	docs/000.주계약약관_(355간편)신한통합건강보장보험원(ONE)(무배당, 해약환급금 미지급형)_20240101_v0.2.pdf.md	부분일치	50	부분일치	80	부분일치	56	부분일치 56%	응답이 주계약 납입면제 조건에 대해 명확히 설명하지 못하고 추가 정보가 필요하다고만 언급하여 불완전합니다. 또한, 제공된 컨텍스트는 기대 문서명과 일부 일치하지만 완전히 일치하지는 않습니다.
42	신한라이프놀라운종신보험 생활자금지급기간 중 피보험자 사망시 생활자금 지급은 어떻게 되나요?	신한라이프 놀라운종신보험의 생활자금 지급기간 중 피보험자가 사망한 경우, 생활자금 선지급은 종료됩니다. 다만, 사망보험금 지급사유 발생 이후에 생활자금이 지급된 경우에는 회사가 지급할 사망보험금에서 해당 생활자금을 차감하고 지급합니다. (출처: 약관, 제45조 보험금가입금액 자동감액을 통한 생활자금 선지급에 관한 사항)	005-005.약관_신한라이프놀라운종신보험(무배당, 해약환급금 일부지급형)_20240401_v0.5_중복삭제_맞춤형약관제작.pdf-1.md, 038-약관_신한진심을품은변액유니버설종신보험(무배당)_20220401_v1.0.pdf-1.md, 판매약관_신한큐브종합건강상해보험_230404.pdf.md, 판매약관_신한큐브종합건강상해보험(무배당_해약환급금_미지급형)_230404.pdf.md	생활자금지급기간 중 해지 및 기타사유에 따라 계약이 더 이상 효력이 없는 경우 또는 피보험자가 사망하였을 경우에는 그 때부터 생활자금 선지급은 종료됩니다. 다만, 사망보험금 지급사유 발생 이후에 생활자금이 지급된 경우에는 회사가 지급할 사망보험금에서 해당 생활자금을 차감하고 지급합니다	docs/005.약관_신한라이프놀라운종신보험(무배당, 해약환급금 일부지급형)_20240401_v0.5_중복삭제_맞춤형약관제작.pdf.md	일치	100	부분일치	50	부분일치	90	부분일치 90%	답변은 정답과 완전히 일치하나, 제공된 Context에 기대 문서명이 포함되지 않아 Context 적합성이 일부 부족합니다.
43	신한라이프놀라운종신보험을 해약하려고 합니다. 해지환급금이 적은 이유를 알 수 있을까요?	질문과 일치하는 상품 문맥을 찾지 못했습니다.	033-약관_(무)S-MORE신한저축보험_110601.pdf-1.md, 032-신한THE착한연금미리받을수있는종신보험(무배당, 저해지환급형)_약관_161004.pdf-1.md, 002-(무)종신보험표준형_20210101_약관.pdf-1.md, 판매약관_신한큐브종합건강상해보험(무배당_해약환급금_미지급형)_230404.pdf.md, 판매약관_신한큐브종합건강상해보험_230404.pdf.md, 012-300233_계약관계자변경.docx-1.md	해지환급금 일부지급형의 계약은 보험료 납입기간 중 해지될 경우 해지환급금은 일반형 해지환급금의 50%에 해당하는 금액으로 합니다.\n* 다만, 보험료 납입기간이 완료된 이후 계약이 해지되는 경우에는 일반형의 해지환급금과 동일하며 납입되지 않은 기본보험료가 있는 경우 매월 계약해당일에 정상적으로 보험료가 납입되었을 때의 해지환급금에서 납입되지 않은 보험료를 차감하여 지급합니다.	docs/005.약관_신한라이프놀라운종신보험(무배당, 해약환급금 일부지급형)_20240401_v0.5_중복삭제_맞춤형약관제작.pdf.md	불일치	0	불일치	0	불일치	0	불일치	응답이 질문에 대한 답변을 제공하지 못했으며, 관련 문서도 포함되지 않았습니다.
44	신한라이프놀라운종신보험 가입후 암보장개시일 전에 암이 발생하였습니다. 계약을 취소하지 않고, 보험료를 계속 납입하고 있는 상태입니다. 암보장을 다시 받을 수 있는 기간이 있나요?	신한라이프놀라운종신보험 약관에 따르면, '암' 및 '중증 갑상선암' 보장은 계약일(또는 부활일)로부터 90일이 지난 다음 날부터 개시됩니다. 따라서 암보장 개시일 전에 암이 발생한 경우, 해당 보장은 적용되지 않습니다. 암보장을 다시 받을 수 있는 기간에 대한 추가적인 정보는 제공된 문서에 명시되어 있지 않습니다.	034-약관_(무)신한유니버설종신보험_060703~071102_7614.pdf-1.md, 판매약관_신한큐브종합건강상해보험_230404.pdf.md, 005-005.약관_신한라이프놀라운종신보험(무배당, 해약환급금 일부지급형)_20240401_v0.5_중복삭제_맞춤형약관제작.pdf-1.md	피보험자가 보험기간 중 “암보장개시일” 전일 이전에 “암”으로 진단 확정된 경우 계약자는 진단일부터 그 날을 포함하여 90일 이내에 이 계약을 취소할 수 있으며, 계약자가 취소할 경우 이 계약은 그 때부터 효력이 없습니다. 이 경우 회사는 계약자에게 실제 납입한 보험료 누계액(다만, “인출 및 감액 등으로 회사가 실제 지급한 금액”을 차감한 금액)을 돌려드립니다.\n위 항에도 불구하고 계약자가 계약의 취소를 선택하지 않은 때에는 계약일 [부활(효력회복)일]부터 “암보장개시일” 전일 이전에 진단 확정된 “암”과 동일하거나 다른 신체기관에 재발 또는 전이되어 “암”으로 진단확정된 경우라도 회사는 보험금 지급 및 보험료의 납입을 면제하지 않습니다. 다만, 계약일 [부활(효력회복)일]부터 “암보장개시일” 전일 이전에 “암”으로 진단확정 되더라도 “암보장개시일”부터 5년을 지나는 동안 그 암으로 인하여 추가적인 진단(단순 건강검진 제외) 또는 치료사실이 없을 경우, “암보장개시일”부터 5년이 지난 이후에는 이 약관에 따라 보장합니다.\n「“암보장개시일”부터 5년이 지나는 동안」이라 함은 약관[보험료의 납입이 연체되는 경우 납입최고(독촉)와 계약의 해지]에서 정한 계약의 해지가 발생하지 않은 경우를 말합니다.	docs/005.약관_신한라이프놀라운종신보험(무배당, 해약환급금 일부지급형)_20240401_v0.5_중복삭제_맞춤형약관제작.pdf.md	부분일치	60	부분일치	80	부분일치	68	부분일치 68%	Actual Response는 암보장 개시일 이전에 암이 발생한 경우 보장이 적용되지 않는다는 점은 언급했으나, 암보장을 다시 받을 수 있는 조건(5년간 추가 진단 및 치료가 없을 경우 보장 가능)에 대한 중요한 정보를 누락했습니다. Context 문서도 일부 관련 문서를 포함했으나 기대 문서명과 완전히 일치하지 않습니다.
45	신한라이프놀라운종신보험 가입후 고객센터에서 계약이 실효되었다고 연락 받았습니다.  그래서 보장을 받으려면 부활을 해야 한다고 하는 데 부활을 하려면 어떻게 해야 합니까?	질문과 일치하는 상품 문맥을 찾지 못했습니다.	023-무배당종신보험_사업방법서_060401.doc-1.md, 012-300233_계약관계자변경.docx-1.md, 판매약관_신한큐브종합건강상해보험(무배당_해약환급금_미지급형)_230404.pdf.md, 판매약관_신한큐브종합건강상해보험_230404.pdf.md, 011-300227_계약사항 변경 업무기준 요약표.docx-1.md	보험료납입연체로 계약이 해지되었으나 해지환급금을 받지 않는 경우 계약자는 날부터 3년 이내에 회사가 정한 절차에 따라 계약의 부활(효력회복)을 청약할 수 있습니다.	docs/005.약관_신한라이프놀라운종신보험(무배당, 해약환급금 일부지급형)_20240401_v0.5_중복삭제_맞춤형약관제작.pdf.md	불일치	0	불일치	0	불일치	0	불일치	응답이 질문에 대한 답변을 제공하지 못했으며, 관련 문서도 포함되지 않았습니다.
46	신한유니버설종신보험  20년 납 상품으로 현재 234회 납입하여,  6번만 더 납입하면 납입이 완료되나, 월대체로 유지된 기간이 있어 책임준비금에서 월대체 되지 않을 경우 보험료 납입을 해야 할 수 있음을 안내했으나, 20년만 납입하면 된다고 설명 들었다며 항의가 심합니다. 납입이 완료되었는데, 계속 보험료를 내야한다니 근거가 무엇인가요?	질문과 일치하는 상품 문맥을 찾지 못했습니다.	031-신한THE착한연금미리받을수있는종신보험(무배당, 저해지환급형)_사업방법서_161004.pdf-1.md, 004-000.주계약약관_(355간편)신한통합건강보장보험원(ONE)(무배당, 해약환급금 미지급형)_20240101_v0.2.pdf-1.md, 판매약관_신한큐브종합건강상해보험_230404.pdf.md, 판매약관_신한큐브종합건강상해보험(무배당_해약환급금_미지급형)_230404.pdf.md	신한유니버설종신보험은 2년 이후에는 매월 계약해당일에 해약환급금에서 월대체보험료를 공제합니다.\n보험료의 납입이 없이 지속적인 월대체를 할 경우 계약자적립액 또는 해약환급금이 계속 감소하게 되어 해약환급금이 월대체보험료를 충당할 수 없게 된 경우 월계약해당일의 다음날부터 그 월계약해당일이 속하는 달의 다음 달 말일까지를 납입최고(독촉)기간으로 하여 안내합니다.\n납입최고(독촉)기간이 끝나는 날까지 기본보험료(특약이 부가된 경우 특약ㄷ보험료 포함) 또는 추가납입보험료가 납입되지 않은 경우 납입최고(독촉)기간이 끝나는 날의 다음 날부터 계약이 해지될 수 있습니다.	docs/005.약관_신한라이프놀라운종신보험(무배당, 해약환급금 일부지급형)_20240401_v0.5_중복삭제_맞춤형약관제작.pdf.md	불일치	0	불일치	0	불일치	0	불일치	Response가 질문에 대한 답변을 제공하지 못했으며, 관련 문서도 기대 문서와 일치하지 않습니다.
47	신한라이프놀라운종신보험에 가입한 후 100일 지나서 유방암에 걸렸습니다. 보험금을 얼마나 받을 수 있나요?  약관에 납입면제가 있던데 납입면제가 가능한가요?	"신한라이프 놀라운종신보험 약관에 따르면, 계약일부터 2년 미만에 여성유방암으로 진단 확정된 경우, 보험가입금액의 10% 또는 16%가 지급됩니다. 1형(50% 선지급형)일 경우 보험가입금액의 10%, 2형(80% 선지급형)일 경우 보험가입금액의 16%가 지급됩니다. (출처: ""005-005.약관_신한라이프놀라운종신보험"", ""보험금 지급기준표"")  \n\n또한, 약관에 따르면 암 진단 시 보험료 납입 면제가 적용될 수 있으나, 여성유방암의 경우 보장개시일부터 2년 미만에 진단 확정된 경우에는 납입 면제가 적용되지 않습니다. (출처: ""005-005.약관_신한라이프놀라운종신보험"", ""<향후 관련법령이 개정된 경우 개정된 내용을 적용합니다.>"")"	005-005.약관_신한라이프놀라운종신보험(무배당, 해약환급금 일부지급형)_20240401_v0.5_중복삭제_맞춤형약관제작.pdf-1.md, 판매약관_신한큐브종합건강상해보험(무배당_해약환급금_미지급형)_230404.pdf.md, 판매약관_신한큐브종합건강상해보험_230404.pdf.md, 004-000.주계약약관_(355간편)신한통합건강보장보험원(ONE)(무배당, 해약환급금 미지급형)_20240101_v0.2.pdf-1.md, 038-약관_신한진심을품은변액유니버설종신보험(무배당)_20220401_v1.0.pdf-1.md	"유방암은 해당 상품에서 ""암""에 해당하므로 약관 제3조 및 부표1'보험금 지급기준표'에 따라 건강진단보험금을 받을 수 있습니다.\n또한 암의 진단으로 인하여 차회 이후의 보험료 납입을 면제합니다."	docs/005.약관_신한라이프놀라운종신보험(무배당, 해약환급금 일부지급형)_20240401_v0.5_중복삭제_맞춤형약관제작.pdf.md	부분일치	75	일치	100	부분일치	80	부분일치 80%	Response는 보험금 지급 비율과 납입면제 조건을 상세히 설명했으나, Standard Answer에 명시된 '암 진단으로 인한 차회 이후 보험료 납입 면제'를 부정적으로 해석하여 약관의 핵심 내용을 일부 누락했습니다.
48	신한라이프놀라운종신보험 보험료 자동대출납입 제도에 대하여 설명해 주세요. 제한이 있나요?	질문과 일치하는 상품 문맥을 찾지 못했습니다.	033-약관_(무)S-MORE신한저축보험_110601.pdf-1.md, 023-무배당종신보험_사업방법서_060401.doc-1.md, 판매약관_신한큐브종합건강상해보험(무배당_해약환급금_미지급형)_230404.pdf.md, 판매약관_신한큐브종합건강상해보험_230404.pdf.md, 012-300233_계약관계자변경.docx-1.md	① 계약자는 제26조[보험료의 납입이 연체되는 경우 납입최고(독촉)와 계약의 해지]에 따른 보험료의 납입최고(독촉)기간이 지나기 전까지 회사가 정한 방법에 따라 보험료의 자동대출납입을 신청할 수 있으며, 이 경우 제33조(보험계약대출) 제1항에 따른 보험계약대출금으로 보험료가 자동으로 납입되어 계약은 유효하게 지속됩니다. 다만, 계약자가 서면 이외에 인터넷 또는 전화(음성녹음) 등으로 자동대출납입을 신청할 경우 회사는 자동대출납입 신청내역을 서면 또는 전화(음성녹음) 등으로 계약자에게 알려 드립니다.\n② 1항에도 불구하고 보험계약대출의 원금과 이자를 더한 금액이 해약환급금(해당 보험료가 납입된 것으로 계산한 금액을 말합니다)을 초과하는 때에는 보험료의 자동대출납입을 더는 할 수 없습니다.\n③ 제1항 및 제2항에 따른 자동대출납입기간은 최초 자동대출납입일부터 1년을 한도로 하며, 그 이후의 기간에 대한 자동대출납입을 위해서는 제1항에 따라 재신청을 하여야 합니다.	docs/005.약관_신한라이프놀라운종신보험(무배당, 해약환급금 일부지급형)_20240401_v0.5_중복삭제_맞춤형약관제작.pdf.md	불일치	0	불일치	0	불일치	0	불일치	응답이 질문에 대한 답변을 제공하지 못했으며, 관련 문서도 포함되지 않았습니다.
49	신한큐브종합건강상해보험(무배당_해약환급금_미지급형) 유지중인데 교통사고로 오른쪽 다리를 다쳤습니다.  장해급여금을 신청하려 하는 데 장해지급률 판단하는 기준을 알려 주세요.	"신한큐브종합건강상해보험(무배당, 해약환급금 미지급형)에서 교통사고로 오른쪽 다리를 다친 경우 장해급여금 지급률 판단 기준은 다음과 같습니다:\n\n1. 한 다리의 3대 관절 중 하나에 기능장해가 생기고 다른 관절 하나에 기능장해가 발생한 경우, 지급률은 각각 적용하여 합산합니다.  \n2. 1하지(다리와 발가락)의 후유장해 지급률은 원칙적으로 각각 합산하되, 지급률은 60%를 한도로 합니다.  \n\n(출처: 판매약관_신한큐브종합건강상해보험(무배당_해약환급금_미지급형)_230404.pdf.md, ""다. 지급률의 결정"")"	판매약관_신한큐브종합건강상해보험(무배당_해약환급금_미지급형)_230404.pdf.md, 판매약관_신한큐브종합건강상해보험_230404.pdf.md, 035-약관_(무)신한유니버설종신보험_080312.pdf-1.md	1) 두 다리의 발목 이상을 잃었을 때                                                                    100\n2) 한 다리의 발목 이상을 잃었을 때                                                                      60\n3) 한 다리의 3대 관절 중 관절 하나의 기능을 완전히 잃었을 때                                    30\n4) 한 다리의 3대 관절 중 관절 하나의 기능에 심한 장해를 남긴 때                                20\n5) 한 다리의 3대 관절 중 관절 하나의 기능에 뚜렷한 장해를 남긴 때                             10\n6) 한 다리의 3대 관절 중 관절 하나의 기능에 약간의 장해를 남긴 때                               5\n7) 한 다리에 가관절이 남아 뚜렷한 장해를 남긴 때                                                    20\n8) 한 다리에 가관절이 남아 약간의 장해를 남긴 때                                                    10\n9) 한 다리의 뼈에 기형을 남긴 때                                                                           5\n10) 한 다리가 5cm 이상 짧아지거나 길어진 때                                                          30\n11) 한 다리가 3cm 이상 짧아지거나 길어진 때                                                          15\n12) 한 다리가 1cm 이상 짧아지거나 길어진 때                                                           5	판매약관_신한큐브종합건강상해보험(무배당_해약환급금_미지급형)_230404.pdf.md	부분일치	60	일치	100	부분일치	68	부분일치 68%	Response는 장해급여금 지급률 판단 기준에 대해 일부 정보를 제공했으나, 정답에 명시된 구체적인 지급률 기준(예: 100%, 60%, 30% 등)과 세부 조건을 모두 포함하지 않았습니다. Context는 기대 문서명과 정확히 일치합니다.
50	신한진심을품은 변액유니버설종신보험에서 선택 가능한 펀드 중 배당성향이 높은 주식에 많이 투자되는 펀드를 알려주세요.	"신한진심을품은 변액유니버설종신보험에서 선택 가능한 펀드 중 배당성향이 높은 주식에 많이 투자되는 펀드는 ""국내고배당주식형""과 ""유럽주식형""입니다.  \n\n- **국내고배당주식형**: 배당성향이 높은 주식(코스닥 주식 등 포함) 및 주식관련파생상품 등에 펀드순자산의 70% 이상 투자.  \n- **유럽주식형**: 유럽지역의 배당성향이 높은 주식 등에 투자하는 집합투자증권에 자산의 50% 이상 투자.  \n\n출처: `038-약관_신한진심을품은변액유니버설종신보험(무배당)_20220401_v1.0.pdf`, 제15조 펀드의 유형."	038-약관_신한진심을품은변액유니버설종신보험(무배당)_20220401_v1.0.pdf-1.md, 026-무배당파워변액유니버설종신보험_약관_100401_주계약_변경.pdf-1.md, 023-무배당종신보험_사업방법서_060401.doc-1.md	국내고배당주식형\n\n---> 해당 펀드 포함 답변 시 정답	docs/약관_신한진심을품은변액유니버설종신보험(무배당)_20220401_v1.0.pdf.md	부분일치	80	일치	100	부분일치	84	부분일치 84%	정답에 해당하는 '국내고배당주식형' 펀드는 포함되었으나, 추가로 언급된 '유럽주식형' 펀드는 정답에 명시되지 않아 과도한 정보가 포함되었습니다. Context는 기대 문서명과 일치합니다.
51	신한진심을품은 변액유니버설종신보험에서 사업비 이외에 기타 발생되는 비용이 무엇이 있나요?	신한진심을품은 변액유니버설종신보험에서 사업비 이외에 발생되는 기타 비용으로는 다음과 같은 항목이 있습니다:  \n\n1. **계약관리비용 중 기타비용** (특약이 부가된 경우 특약의 계약관리비용 중 기타비용 포함) - [특별계정 투입보험료, 기본보험료 부분 관련](038-약관_신한진심을품은변액유니버설종신보험(무배당)_20220401_v1.0.pdf-1.md, 특별계정 투입보험료).  \n2. **특별계정 자산에서 인출되는 비용**:\n   - 자본시장과 금융투자업에 관한 법률에 따른 보수 및 수수료.\n   - 회계감사비용, 채권평가비용, 유가증권 매매수수료 등.  \n   - 단, 자산운용 보고서를 작성·제공하는 데 드는 비용은 회사가 부담.  \n   - [제20조 특별계정의 제비용 및 보수에 관한 사항](038-약관_신한진심을품은변액유니버설종신보험(무배당)_20220401_v1.0.pdf-1.md).	030-산출방법서_신한큐브종합건강상해보험(무배당, 해약환급금 미지급형)_230404_v2.pdf-1.md, 003-000.산출방법서_(355간편)신한통합건강보장보험원(ONE)(무배당, 해약환급금 미지급형)_20240101_v0.1.pdf-1.md, 001-(무)종신보험표준형_20210101_산출방법서.doc-1.md, 038-약관_신한진심을품은변액유니버설종신보험(무배당)_20220401_v1.0.pdf-1.md	회사는 자본시장과금융투자업에 관한 법률 제188조에 따라 보수, 그 밖의 수수료와 동업 시행령 제265조에 따라 회계감사비용, 채권평가비용 및 유가증권 매매수수료 등을 특별계정 자산에서 인출하여 부담합니다.	docs/약관_신한진심을품은변액유니버설종신보험(무배당)_20220401_v1.0.pdf.md	일치	100	일치	100	일치	100	일치	Response는 정답의 핵심 내용을 정확히 포함하고 있으며, 관련 문서도 기대 문서와 일치합니다.
52	2022년도 건강보험진료통계기준 백내장으로 입원치료 받은 사람중 인당 진료비는 얼마인지요?	2022년도 건강보험 진료 통계 기준으로 백내장(H25)으로 입원 치료를 받은 사람의 인당 진료비는 1,727,369원입니다. (출처: 건강보험진료통계-다빈도상병별현황_2022.xlsx.md, 다빈도상병별현황(단위_명, 원, 일)_2022)	건강보험진료통계-입원외래별청구현황_2022.xlsx.md, 건강보험진료통계-다빈도상병별현황_2022.xlsx.md, 판매약관_신한큐브종합건강상해보험(무배당_해약환급금_미지급형)_230404.pdf.md, 판매약관_신한큐브종합건강상해보험_230404.pdf.md, 별첨2_분류표_20240401_v1.3.pdf.md	건강보험진료통계-다빈도상병별현황_2022.xlsx\n\n1727369	건강보험진료통계-다빈도상병별현황_2022.xlsx	일치	100	일치	100	일치	100	일치	응답이 정답의 핵심 내용과 정확히 일치하며, 제공된 문서도 기대 문서명과 일치합니다.
53	2018년에서 2022년까지의 요양급여비용 증감추이를 알려줘. 그래프로 알려주면 더 좋겠어.	"2018년부터 2022년까지의 요양급여비용 증감 추이는 다음과 같습니다.  \n\n- 2018년: 779,141억 원  \n- 2019년: 857,938억 원  \n- 2020년: 868,339억 원  \n- 2021년: 934,984억 원  \n- 2022년: 1,029,770억 원  \n\n이 데이터를 기반으로 그래프를 그리면, 요양급여비용은 매년 꾸준히 증가하는 추세를 보이고 있습니다. (출처: ""건강보험진료통계-입원외래별청구현황_2022.xlsx.md"", ""입원외래별청구현황_2022"")"	건강보험진료통계-입원외래별청구현황_2022.xlsx.md, 판매약관_신한큐브종합건강상해보험(무배당_해약환급금_미지급형)_230404.pdf.md, 판매약관_신한큐브종합건강상해보험_230404.pdf.md, 005-005.약관_신한라이프놀라운종신보험(무배당, 해약환급금 일부지급형)_20240401_v0.5_중복삭제_맞춤형약관제작.pdf-1.md, 038-약관_신한진심을품은변액유니버설종신보험(무배당)_20220401_v1.0.pdf-1.md, 004-000.주계약약관_(355간편)신한통합건강보장보험원(ONE)(무배당, 해약환급금 미지급형)_20240101_v0.2.pdf-1.md	건강보험진료통계-입원외래별청구현황_2022.xlsx\n\n꾸준히 증가중이라는 내용이 포함되면 됨\n요양급여비용 전체인지 입원인지 특정하지 않았으므로 전체가 정답	건강보험진료통계-다빈도상병별현황_2022.xlsx	일치	100	부분일치	50	부분일치	90	부분일치 90%	답변은 정답과 일치하며, 요양급여비용의 증감 추이를 정확히 제공하고 꾸준히 증가한다는 점도 언급했습니다. 그러나 실제 Context 문서명은 기대 문서명과 일부만 일치합니다.
54	신한 SOL라이프 앱에서 한도증액 하는 방법 알려줘.	"신한 SOL라이프 앱에서 한도 증액을 하려면 다음 단계를 따르세요:  \n\n1. 신한 SOL라이프 앱에 접속합니다.  \n2. 전체메뉴(≡)로 이동합니다.  \n3. ""고객정보관리"" > ""내 계약관리"" > ""출금한도변경신청""을 선택합니다.  \n4. 증액 신청 시에는 보안매체(타기관 OTP 또는 모바일 OTP)와 신분증이 필요합니다.  \n\n출처: ""007-300138_라이프앱가능업무.docx-1.md"", ""1. 신한 SOL라이프 앱 이용방법"" 및 ""⑤ 고객정보관리"" 섹션."	007-300138_라이프앱가능업무.docx-1.md, 011-300227_계약사항 변경 업무기준 요약표.docx-1.md	300138_라이프앱가능업무.docx\n\n신한SOL라이프앱 한도증액은 신한SOL라이프앱 전체메뉴에서 \n고객정보관리 선택하고  내 계약관리 선택해서  출금한도변경신청 메뉴에서 신청 하시면 됩니다.\n한도증액시에는 보안매체1(타기관OTP 또는 모바일OTP)와\n신분증이 필요합니다.\n\n보안매체를 보유하고 있는경우는 지급업무 출금한도를 \n일/월 최대 5억 까지 증액 가능합니다.\n보안매체가 없는경우에는 지급업무 출금한도를\n일/월 최대 3천만원까지 증액 가능합니다.	300138_라이프앱가능업무.docx	부분일치	85	일치	100	부분일치	88	부분일치 88%	Response는 한도 증액 방법과 필요한 서류를 정확히 설명했으나, 보안매체 보유 여부에 따른 한도 차이에 대한 정보가 누락되었습니다. Context는 기대 문서명을 포함하고 있어 일치합니다.
55	신한 SOL라이프 앱에서 제지급시 금액별 인증 방법 알려줘.	"신한 SOL라이프 앱에서 제지급 시 금액별 인증 방법은 다음과 같습니다:\n\n1. **기본 인증 수단**: 휴대폰, 신용카드, 카카오페이, 보안(OPT)카드, 비밀번호.  \n2. **신분증 인증**: 주민등록증, 운전면허증, 외국인등록증.  \n3. **추가 탐색 정보**: Email, 피보험자 및 수익자의 성명 또는 생년월일, 상품명, 자동이체 은행 또는 신용카드 회사, 납입방법(자동이체가 아닌 경우), 이체일자, 보험료, 상품종류, 유지건수, 보험계약번호.\n\n출처: `011-300227_계약사항 변경 업무기준 요약표.docx-1.md`, ""1. 계약변경 고객센터 처리 기준 (변경 차액 발생건)"" 섹션."	007-300138_라이프앱가능업무.docx-1.md, 011-300227_계약사항 변경 업무기준 요약표.docx-1.md, 009-300197_제지급_우편.docx-1.md	300138_라이프앱가능업무.docx\n\n지급금액별 인증방법은 \n3천만원 이하시에는 신한라이프인증 전자서명이 필요하고,\n공동인증서, 금융인증서, 신한SIGN인증, 카카오인증서 중 한가지 인증후 SMS인증이 필요합니다.\n\n3천만원초과 1억원 이하시에는 신한라이프인증 전자서명하고\n공동인증서, 금융인증서, 신한SIGN인증, 카카오인증서 중 한가지 인증후 모바일OTP나 타기관OTP 중 선택하여 \n추가인증후에 SMS인증이 필요합니다.\n\n1억원초과시에는 신한라이프인증 전자서명하고\n공동인증서, 금융인증서, 신한SIGN인증, 카카오인증서 중 한가지 인증후 모바일OTP나 타기관OTP 중 선택하여 \n추가인증후에 SMS인증과 신분증인증이 필요합니다.\n\n(BEST)\n신분증은 운전면허증, 주민등록증, 외국인등록증 이 \n가능하며 사진촬영하여 인증하게 됩니다.	300138_라이프앱가능업무.docx	불일치	0	부분일치	50	불일치	10	불일치	Response는 금액별 인증 방법을 명확히 설명하지 않았으며, 정답과 다른 정보를 제공했습니다. Context는 일부 관련 문서를 포함하지만, 기대 문서명과 완전히 일치하지 않습니다.
56	계약자 사망 시 계약자 변경 하는 방법 알려줘.	"계약자가 사망한 경우 계약자 변경 절차는 다음과 같습니다.  \n\n**공통 서류:**  \n1. 계약내용변경·정정신청서 (상단에 '사망승계' 표기, 변경 전 계약자란에 사망한 계약자 이름 기재 후 변경 후 대표계약자의 인감날인).  \n2. 대표수익자 지정 및 계약변경 동의서 (대표계약자 포함 전 상속인 모두 각각 인감날인 또는 서명).  \n3. 계약자(사망자) 기준의 기본증명서(사망사실확인용, 상세).  \n4. 계약자(사망자)의 가족관계증명서(상속인 전원과의 관계확인용, 상세).  \n5. 대표계약자 및 상속인 각각의 인감증명서+인감날인 또는 본인서명사실확인서+서명.  \n6. 변경 후 계약자가 작성한 계약체결 이행을 위한 상세 동의서.  \n7. 변경 후 계약자 신분증 사본.  \n\n**조건부 추가 서류:**  \n- 상속인 중 미성년자가 있는 경우:  \n  a. 미성년자 기준의 기본증명서(상세) 및 가족관계증명서(상세).  \n  b. 친권자 전원의 인감증명서+인감날인 또는 본인서명사실확인서+서명.  \n- 상속인 중 2007.12.31 이전에 사망한 경우: 제적등본 추가.  \n- 피보험자가 미성년자인 경우:  \n  a. 미성년자 기준의 기본증명서(상세) 및 가족관계증명서(상세).  \n  b. 친권자 전원의 인감증명서+인감날인 또는 본인서명사실확인서+서명.  \n\n**접수 방법:**  \n- 내방, 우편, 또는 FC방문 접수 가능.  \n- 내방 시 대표계약자 신분증 지참 필수.  \n\n출처: ""012-300233_계약관계자변경.docx-1.md"", ""4. 계약자 변경 _ 사망승계""."	012-300233_계약관계자변경.docx-1.md, 011-300227_계약사항 변경 업무기준 요약표.docx-1.md	300233_계약관계자변경.docx\n\n우편접수와 내방하여 변경처리가 가능합니다.\n우편접수시에는\n① 계약내용변경.정정신청서\n(중간생략)\n상속인 전원 서류 검토 후 유선녹취여부 판단 후 진행결정되고,  본인서명사실확인서 첨부 시에는 신청서상 서명과 동일한 서명이어야 하며 필수적으로 '회사명, 용도' 정확히 기재되어야합니다.\n내방접수시에는\n① 내방하는 대표계약자 신분증 지참\n(중간생략)\n계약관계자 (변경전/후 계약자, 피보험자) 중 미성년자가 포함 되어 있는 계약은 ① 미성년자의 친권자 부/모 인감증명서+인감도장 또는 본인서명사실확인서+서명\n ② 미성년자 기준의 기본증명서(상세)+가족관계증명서(상세)\n    ■ 친권자 중 2007.12.31. 이전에 사망한 경우 제적등본 추가 필요하며, \n미내방 상속인 전원 유선녹취가 필요합니다.\n본인서명사실확인서 첨부 시 신청서상 서명 동일 및 필수적으로 '회사명, 용도, 수임인'이 정확히 기재 해야하며, \n당사 양식인 계약내용변경정정신청서에 본인서명사실확인서와 동일한 서명으로 미리 작성해야 합니다.	300233_계약관계자변경.docx	일치	100	일치	100	일치	100	일치	Response는 계약자 사망 시 계약자 변경 방법에 대해 필요한 서류와 절차를 정확히 설명하고 있으며, 기대 문서명과도 일치합니다.
57	계약자 변경으로 내방할 경우 지참 해야 할 서류 알려줘.	"계약자 변경으로 내방할 경우 필요한 서류는 상황에 따라 다릅니다.  \n\n**공통 서류:**  \n1. 변경 전 계약자 및 변경 후 계약자의 신분증  \n2. 계약내용변경·정정신청서 (변경 후 계약자 확인란 작성 및 서명)  \n\n**조건부 추가 서류:**  \n- **변경 전 계약자가 내방하지 않는 경우:**  \n  - 변경 전 계약자의 인감증명서 + 인감도장 또는 본인서명사실확인서 + 서명  \n- **변경 후 계약자가 내방하지 않는 경우:**  \n  - 변경 후 계약자의 인감증명서 + 인감도장 또는 본인서명사실확인서 + 서명  \n- **피보험자가 미성년자인 경우:**  \n  - 미성년자 기준 기본증명서(상세) + 가족관계증명서(상세)  \n  - 친권자 전원의 인감증명서 + 인감도장 또는 본인서명사실확인서 + 서명  \n\n추가적으로, 대출 승계 건이 포함된 경우나 특정 조건이 있는 경우 추가 서류가 요구될 수 있습니다. 자세한 내용은 계약 상황에 따라 달라지므로, 관련 세부 사항을 확인하시기 바랍니다.  \n(출처: `012-300233_계약관계자변경.docx-1.md`, ""계약자 변경 구비서류"")"	012-300233_계약관계자변경.docx-1.md	300233_계약관계자변경.docx\n\n변경 전후 계약자와 피보험자가 모두 방문시에는 \n신분증지참하시면 되고, \n피보험자가 미성년자인 경우는 미성년자 기준 상세기본증명서와 상세 가족관계증명서를 지참하시면 됩니다.\n\n변경전계약자만 방문시에는\n(중간생략)\n\n변경후계약자가 방문시에는\n(중간생략)\n\n대리인이 내방시에는\n(이하생략)	300233_계약관계자변경.docx	일치	100	일치	100	일치	100	일치	Response는 계약자 변경 시 필요한 서류를 상황별로 상세히 설명하며, 정답의 핵심 내용을 충실히 포함하고 있습니다. Context 문서명도 기대 문서명과 정확히 일치합니다.
58	법인계약건일 경우 자동이체 변경(해지)가 가능해?	법인계약의 경우 자동이체 변경 및 해지가 가능합니다. 자동이체 계좌 변경 시 필요한 서류는 다음과 같습니다:  \n\n1. 사업자등록증 사본  \n2. 담당자 신분증 사본 (근무부서 및 연락처 기재) + 재직증명서 (명함 또는 건강보험증으로 대체 가능)  \n3. 자동이체 통장 사본 (변경대상 건 인적사항 및 계약사항 기재)  \n\n자동이체 해지의 경우, 계약건과 계좌번호를 유선으로 확인 후 해지 처리할 수 있으며, 통장 사본 팩스 수신은 제외됩니다.  \n\n근거 문서: `010-300200_법인계약 고객센터 상담 기준.docx-1.md`, 섹션 `4. 법인계약 상담유형 및 구비서류`.	010-300200_법인계약 고객센터 상담 기준.docx-1.md, 007-300138_라이프앱가능업무.docx-1.md, 011-300227_계약사항 변경 업무기준 요약표.docx-1.md	300200_법인계약 고객센터 상담 기준.docx\n\n네 가능합니다.\n자동이체 계좌 변경시에는 사업자등록증 사본, 담당자 신분증사본과 재직증명서와 자동이체 통장사본이 필요합니다.\n\n재직증명서는 명함 또는 건강보험증으로 대체가 가능하고\n통장사본을 보내실때에는 변경대상건의 인적사항과 \n계약사항을 기재하시고 제출하셔야 합니다.\n\n자동이체 통장사본이 개인사업자계좌로 등록시에는 개설할때 등록한 주민번호 또는 사업자번호로 등록 가능하며,\n\n자동이체 해지시에는 계약건과 계좌번호를 유선확인후 해지처리가 가능합니다. \n이때 통장사본은 팩스로 수신하지 않아도 됩니다.	300200_법인계약 고객센터 상담 기준.docx	일치	100	일치	100	일치	100	일치	Response는 정답의 핵심 내용과 조건, 필요 서류, 예외사항을 모두 충실히 포함하고 있으며, 실제 Context 문서도 기대 문서명과 정확히 일치합니다.
59	미성년자인 계약자가 제지급 요청 시 필요 서류가 뭐야?	미성년자인 계약자의 제지급 요청 시 필요한 서류에 대한 명확한 정보는 제공된 문서에서 확인되지 않습니다. 추가적인 세부 정보가 필요합니다.	012-300233_계약관계자변경.docx-1.md, 009-300197_제지급_우편.docx-1.md	300197_제지급_우편.docx\n\n법정대리인이 내방하거나 우편접수,FC접수로 업무가 가능합니다.\n\n법정대리인은 친권자 또는 미성년후견인으로 내방시\n\n500만원 이하일때에는 내방한 법정대리인 신분증지참, 미성년자 계좌 또는 법정대리인 계좌로 수령하여야 하며, 친권자인경우는 미성년자기준 기본증명서(상세)와 미성년자기준 가족관계증명서 상세,  후견인인경우는 후견인등재된 미성년자기준 기본증명서 상세와 법원결정문 정본을 지참하셔야 하며, 미내방친권자는 녹취확인 하여야 합니다.\n\n500만원 초과시에는\n500만원 이하일때에는 내방한 법정대리인 신분증지참, 미성년자 계좌 또는 법정대리인 계좌로 수령하여야 하며, 친권자인경우는 미성년자기준 기본증명서(상세)와 미성년자기준 가족관계증명서 상세,  후견인인경우는 후견인등재된 미성년자기준 기본증명서 상세와 법원결정문 정본을 지참하셔야 하며,  미내방 친권자의 자필작성과 인감날인된 위임장과 인감증명서 또는  자필작성과 서명이된 위임장과 본인서명사실확인서를 지참하여야 하고 미내방친권자의 녹취확인 하여야 합니다.\n\n우편접수시에는 (이하생략)	300197_제지급_우편.docx	불일치	0	일치	100	부분일치	20	부분일치 20%	응답이 질문에 대한 구체적인 답변을 제공하지 못했으며, 필요한 서류에 대한 정보를 전혀 언급하지 않았습니다. 그러나 제공된 Context는 기대 문서명과 일치합니다.
60	해약방어 제외 대상 알려줘.	"제공된 문서들에서 ""해약방어 제외 대상""에 대한 구체적인 정보는 확인되지 않습니다. 추가적인 정보를 제공해 주시면 답변을 도와드릴 수 있습니다."	014-301125_해약방어상담매뉴얼.docx-1.md, 005-005.약관_신한라이프놀라운종신보험(무배당, 해약환급금 일부지급형)_20240401_v0.5_중복삭제_맞춤형약관제작.pdf-1.md, 036-약관_무배당연금보험프리스타일_20050401.pdf-1.md, 별첨2_분류표_20240401_v1.3.pdf.md, 판매약관_신한큐브종합건강상해보험(무배당_해약환급금_미지급형)_230404.pdf.md	301125_해약방어상담매뉴얼.docx\n\n해약방어 제외대상은 \n다건고객(24회이하 & 25회이상 계약) 이면서 수금FC가 동일건은 전건 점포고객터치건,\n지점 콜백을 통한 해약요청건,\n해약 요청시 해약사유가 당사 재가입인 경우(신규청약이 있는 경우 청약철회일까지 대상제외),\n해약방어 접수관련 불만고객 또는 사전예방 접수고객, \n설계사 가족계약 건으로 수금방법이 설계사 급여이체인 경우, \n당사 임직원 및 설계사 계약, \n금융정보보호 대상 고객,\n분납부활 진행 건, \n압류, 파산, 개인회생, 신용회복 등의 사유로 인한 해약 시, \n외국인 본국 귀국 시,\n이혼관련 해약시,\n지급정지 Y인 계약,\n이민한 경우 입니다.	301125_해약방어상담매뉴얼.docx	불일치	0	일치	100	불일치	20	불일치	응답이 질문에 대한 답변을 제공하지 못했으며, 정답과 관련된 핵심 정보를 전혀 포함하지 않았습니다. 그러나 Context는 기대 문서명을 포함하고 있습니다.
61	청약철회 가능기간 알려줘.	청약철회 가능기간은 일반적으로 보험증권을 받은 날부터 15일 이내입니다. 그러나 보험증권을 받은 날부터 15일이 청약한 날부터 30일을 초과하는 경우에는 청약한 날부터 30일까지 가능합니다. 또한, 만 65세 이상 계약자가 체결한 통신판매 계약의 경우에는 청약철회 가능기간이 청약한 날부터 45일까지로 연장됩니다. (출처: 문서 004-000, 사례1 및 사례2)	004-000.주계약약관_(355간편)신한통합건강보장보험원(ONE)(무배당, 해약환급금 미지급형)_20240101_v0.2.pdf-1.md, 006-300060_고객센터 청약철회 업무처리기준.docx-1.md, 038-약관_신한진심을품은변액유니버설종신보험(무배당)_20220401_v1.0.pdf-1.md, 005-005.약관_신한라이프놀라운종신보험(무배당, 해약환급금 일부지급형)_20240401_v0.5_중복삭제_맞춤형약관제작.pdf-1.md, 009-300197_제지급_우편.docx-1.md, 026-무배당파워변액유니버설종신보험_약관_100401_주계약_변경.pdf-1.md, 037-약관_무배당연금보험프리스타일_20130401_v3.0.pdf-1.md	300060_고객센터 청약철회 업무처리기준.docx\n\n청약한 날 또는 1회보험료 납입일로부터 30일 이내입니다\n\n청약철회 종료일이 주말 및 공휴일인 경우 익영업일까지\n처리가 가능하며, \n\n통신판매 및 인터넷 직접 가입건에 한하여 계약자가 만 65세이상인 경우는 45일이내에 청약철회 가능합니다.\n\n단, 당일계약건은 고객센터에서 처리불가하며 지점에서 청약취소로 가능합니다.	301125_해약방어상담매뉴얼.docx	부분일치	85	부분일치	50	부분일치	78	부분일치 78%	응답은 청약철회 가능기간에 대한 주요 정보를 포함하고 있으나, '1회보험료 납입일로부터 30일 이내'라는 조건이 누락되었고, 주말 및 공휴일 처리 예외사항도 언급되지 않았습니다. 또한, 기대 문서명과 실제 문서명이 일부 일치하지 않습니다.
62	신한금융플러스 영업지원파트장 이름 알려줘.	신한금융플러스 영업지원파트장의 이름은 정주현입니다. (출처: 015-301221_DB사업그룹 제휴채널 조직 현황.docx-1, DB사업그룹 제휴채널 조직 현황)	판매약관_신한큐브종합건강상해보험_230404.pdf.md, 판매약관_신한큐브종합건강상해보험(무배당_해약환급금_미지급형)_230404.pdf.md, 015-301221_DB사업그룹 제휴채널 조직 현황.docx-1.md	301221_DB사업그룹 제휴채널 조직 현황.docx\n\n영업지원파트장은 정주현 입니다	301125_해약방어상담매뉴얼.docx	일치	100	부분일치	50	부분일치	90	부분일치 90%	답변은 정확히 일치하지만, 실제 Context에 기대 문서명이 포함되지 않아 부분일치로 평가됩니다.
63	VOC 접수시 유의사항 알려줘.	VOC 접수 시 유의사항은 다음과 같습니다:  \n\n1. **VOC 접수 처리 방식**  \n   - 고객센터는 고객 요청 사항을 접수만 가능하며, VOC 등록 후 업무는 VOC 처리기관에서 진행됨을 안내해야 합니다.  \n   - FC 변경 접수 가능한 계약은 먼저 FC 변경을 입력하고, 접수 불가한 계약만 VOC로 등록해야 합니다.  \n\n2. **VOC 접수 경로**  \n   - 모집 > 청약철회 > 청약철회요구 경로를 통해 접수하며, 요구사항란에 고객센터 지급처리 불가 사유 등 요청 내용을 명확히 기재해야 합니다.  \n\n3. **기타 유의사항**  \n   - 지역별 FC 배정이 아니므로 입력 및 안내 시 주의가 필요합니다.  \n\n출처:  \n- [006-300060_고객센터 청약철회 업무처리기준.docx-1.md, 3. 계약자 미성년자인 경우 청약철회 기준]  \n- [008-300155_고객센터 FC변경 접수방법.docx-1.md, 고객센터 FC변경 접수방법]	006-300060_고객센터 청약철회 업무처리기준.docx-1.md, 008-300155_고객센터 FC변경 접수방법.docx-1.md, 011-300227_계약사항 변경 업무기준 요약표.docx-1.md	300155_고객센터 FC변경 접수방법.docx OR\n300060_고객센터 청약철회 업무처리기준.docx\n\n접수시: 유지> 수금관리> 수금사원(FC)변경관련 불편사항, 대표증번의 수금지점으로 자동반영되며,\n\n고객센터는 고객요청 사항을 접수만 가능, VOC등록 후 업무는 VOC처리기관에서 진행됨을 안내 바랍니다.\n\nVOC 접수시, FC변경 접수 가능한 계약은 FC변경 먼저 입력하고 접수 불가한 계약만 VOC 등록 바랍니다.	300155_고객센터 FC변경 접수방법.docx OR\n300060_고객센터 청약철회 업무처리기준.docx	부분일치	75	일치	100	부분일치	80	부분일치 80%	Actual Response는 VOC 접수 시 유의사항을 대부분 포함하고 있으나, 일부 세부 조건 및 설명이 누락되었거나 약간 다르게 표현되었습니다. Context는 기대 문서명을 정확히 포함하고 있습니다.
64	FS증액의 증액 가능 한도를 알려줘.	"FS증액보험료와 관련하여, 보험가입금액 증액은 불가능합니다. 이는 ""011-300227_계약사항 변경 업무기준 요약표.docx-1.md"" 문서의 ""1. 계약사항 변경 업무 종류"" 섹션에서 명시된 내용입니다."	011-300227_계약사항 변경 업무기준 요약표.docx-1.md, 010-300200_법인계약 고객센터 상담 기준.docx-1.md	300227_계약사항 변경 업무기준 요약표.docx\n\n특약보험료를 제외한 직전 보험년도 평균납입보험료의 30% 이내에서 증액이 가능하며, \n월보험료 최대 100만원 한도이며,  2004.2.8일 이전계약은 별도 증액한도가 없으며, 2004.2.9~2011.3.31일까지 계약은 주계약보험료의 100% 까지 증액 가능합니다.	300227_계약사항 변경 업무기준 요약표.docx	불일치	0	일치	100	부분일치	20	부분일치 20%	Response는 FS증액의 증액 가능 여부를 부정하며, 실제로는 특정 조건 하에서 증액이 가능하다는 정답과 상반됩니다. 그러나 Context는 기대 문서명을 정확히 포함하고 있습니다.
